--
-- PostgreSQL database dump
--

-- Dumped from database version 17.5
-- Dumped by pg_dump version 17.5

-- Started on 2026-04-01 21:54:39
ROLLBACK;
SET statement_timeout = 0;
SET lock_timeout = 0;
SET idle_in_transaction_session_timeout = 0;
SET transaction_timeout = 0;
SET client_encoding = 'UTF8';
SET standard_conforming_strings = on;
SELECT pg_catalog.set_config('search_path', '', false);
SET check_function_bodies = false;
SET xmloption = content;
SET client_min_messages = warning;
SET row_security = off;

SET default_tablespace = '';

SET default_table_access_method = heap;

--
-- TOC entry 232 (class 1259 OID 16752)
-- Name: departments; Type: TABLE; Schema: public; Owner: postgres
--

CREATE TABLE public.departments (
    id integer NOT NULL,
    code character varying(10) NOT NULL,
    name character varying(100) NOT NULL
);


ALTER TABLE public.departments OWNER TO postgres;

--
-- TOC entry 231 (class 1259 OID 16751)
-- Name: departments_id_seq; Type: SEQUENCE; Schema: public; Owner: postgres
--

CREATE SEQUENCE public.departments_id_seq
    AS integer
    START WITH 1
    INCREMENT BY 1
    NO MINVALUE
    NO MAXVALUE
    CACHE 1;


ALTER SEQUENCE public.departments_id_seq OWNER TO postgres;

--
-- TOC entry 5056 (class 0 OID 0)
-- Dependencies: 231
-- Name: departments_id_seq; Type: SEQUENCE OWNED BY; Schema: public; Owner: postgres
--

ALTER SEQUENCE public.departments_id_seq OWNED BY public.departments.id;


--
-- TOC entry 224 (class 1259 OID 16634)
-- Name: exams; Type: TABLE; Schema: public; Owner: postgres
--

CREATE TABLE public.exams (
    id integer NOT NULL,
    exam_name character varying(50) NOT NULL,
    max_marks integer NOT NULL,
    exam_date date,
    department_id integer,
    semester integer,
    academic_year character varying(20),
    exam_type character varying(30),
    status character varying(20) DEFAULT 'published'::character varying
);


ALTER TABLE public.exams OWNER TO postgres;

--
-- TOC entry 223 (class 1259 OID 16633)
-- Name: exams_id_seq; Type: SEQUENCE; Schema: public; Owner: postgres
--

CREATE SEQUENCE public.exams_id_seq
    AS integer
    START WITH 1
    INCREMENT BY 1
    NO MINVALUE
    NO MAXVALUE
    CACHE 1;


ALTER SEQUENCE public.exams_id_seq OWNER TO postgres;

--
-- TOC entry 5057 (class 0 OID 0)
-- Dependencies: 223
-- Name: exams_id_seq; Type: SEQUENCE OWNED BY; Schema: public; Owner: postgres
--

ALTER SEQUENCE public.exams_id_seq OWNED BY public.exams.id;


--
-- TOC entry 226 (class 1259 OID 16641)
-- Name: marks; Type: TABLE; Schema: public; Owner: postgres
--

CREATE TABLE public.marks (
    id integer NOT NULL,
    student_id integer,
    subject_id integer,
    exam_id integer,
    marks_obtained integer NOT NULL,
    normalized_score numeric(5,2),
    entered_by_staff_id integer,
    updated_by_staff_id integer,
    entered_at timestamp without time zone DEFAULT CURRENT_TIMESTAMP,
    updated_at timestamp without time zone DEFAULT CURRENT_TIMESTAMP,
    remarks text,
    CONSTRAINT chk_marks_non_negative CHECK ((marks_obtained >= 0))
);


ALTER TABLE public.marks OWNER TO postgres;

--
-- TOC entry 225 (class 1259 OID 16640)
-- Name: marks_id_seq; Type: SEQUENCE; Schema: public; Owner: postgres
--

CREATE SEQUENCE public.marks_id_seq
    AS integer
    START WITH 1
    INCREMENT BY 1
    NO MINVALUE
    NO MAXVALUE
    CACHE 1;


ALTER SEQUENCE public.marks_id_seq OWNER TO postgres;

--
-- TOC entry 5058 (class 0 OID 0)
-- Dependencies: 225
-- Name: marks_id_seq; Type: SEQUENCE OWNED BY; Schema: public; Owner: postgres
--

ALTER SEQUENCE public.marks_id_seq OWNED BY public.marks.id;


--
-- TOC entry 236 (class 1259 OID 16801)
-- Name: normalization_rules; Type: TABLE; Schema: public; Owner: postgres
--

CREATE TABLE public.normalization_rules (
    id integer NOT NULL,
    rule_name character varying(100) NOT NULL,
    method character varying(30) NOT NULL,
    config jsonb DEFAULT '{}'::jsonb,
    is_active boolean DEFAULT false,
    created_by integer,
    created_at timestamp without time zone DEFAULT CURRENT_TIMESTAMP
);


ALTER TABLE public.normalization_rules OWNER TO postgres;

--
-- TOC entry 235 (class 1259 OID 16800)
-- Name: normalization_rules_id_seq; Type: SEQUENCE; Schema: public; Owner: postgres
--

CREATE SEQUENCE public.normalization_rules_id_seq
    AS integer
    START WITH 1
    INCREMENT BY 1
    NO MINVALUE
    NO MAXVALUE
    CACHE 1;


ALTER SEQUENCE public.normalization_rules_id_seq OWNER TO postgres;

--
-- TOC entry 5059 (class 0 OID 0)
-- Dependencies: 235
-- Name: normalization_rules_id_seq; Type: SEQUENCE OWNED BY; Schema: public; Owner: postgres
--

ALTER SEQUENCE public.normalization_rules_id_seq OWNED BY public.normalization_rules.id;


--
-- TOC entry 230 (class 1259 OID 16742)
-- Name: schema_migrations; Type: TABLE; Schema: public; Owner: postgres
--

CREATE TABLE public.schema_migrations (
    id integer NOT NULL,
    name character varying(150) NOT NULL,
    executed_at timestamp without time zone DEFAULT CURRENT_TIMESTAMP
);


ALTER TABLE public.schema_migrations OWNER TO postgres;

--
-- TOC entry 229 (class 1259 OID 16741)
-- Name: schema_migrations_id_seq; Type: SEQUENCE; Schema: public; Owner: postgres
--

CREATE SEQUENCE public.schema_migrations_id_seq
    AS integer
    START WITH 1
    INCREMENT BY 1
    NO MINVALUE
    NO MAXVALUE
    CACHE 1;


ALTER SEQUENCE public.schema_migrations_id_seq OWNER TO postgres;

--
-- TOC entry 5060 (class 0 OID 0)
-- Dependencies: 229
-- Name: schema_migrations_id_seq; Type: SEQUENCE OWNED BY; Schema: public; Owner: postgres
--

ALTER SEQUENCE public.schema_migrations_id_seq OWNED BY public.schema_migrations.id;


--
-- TOC entry 228 (class 1259 OID 16665)
-- Name: staff; Type: TABLE; Schema: public; Owner: postgres
--

CREATE TABLE public.staff (
    id integer NOT NULL,
    name character varying(100) NOT NULL,
    email character varying(100) NOT NULL,
    user_id integer,
    department_id integer
);


ALTER TABLE public.staff OWNER TO postgres;

--
-- TOC entry 227 (class 1259 OID 16664)
-- Name: staff_id_seq; Type: SEQUENCE; Schema: public; Owner: postgres
--

CREATE SEQUENCE public.staff_id_seq
    AS integer
    START WITH 1
    INCREMENT BY 1
    NO MINVALUE
    NO MAXVALUE
    CACHE 1;


ALTER SEQUENCE public.staff_id_seq OWNER TO postgres;

--
-- TOC entry 5061 (class 0 OID 0)
-- Dependencies: 227
-- Name: staff_id_seq; Type: SEQUENCE OWNED BY; Schema: public; Owner: postgres
--

ALTER SEQUENCE public.staff_id_seq OWNED BY public.staff.id;


--
-- TOC entry 234 (class 1259 OID 16782)
-- Name: staff_subjects; Type: TABLE; Schema: public; Owner: postgres
--

CREATE TABLE public.staff_subjects (
    id integer NOT NULL,
    staff_id integer NOT NULL,
    subject_id integer NOT NULL,
    semester integer,
    academic_year character varying(20)
);


ALTER TABLE public.staff_subjects OWNER TO postgres;

--
-- TOC entry 233 (class 1259 OID 16781)
-- Name: staff_subjects_id_seq; Type: SEQUENCE; Schema: public; Owner: postgres
--

CREATE SEQUENCE public.staff_subjects_id_seq
    AS integer
    START WITH 1
    INCREMENT BY 1
    NO MINVALUE
    NO MAXVALUE
    CACHE 1;


ALTER SEQUENCE public.staff_subjects_id_seq OWNER TO postgres;

--
-- TOC entry 5062 (class 0 OID 0)
-- Dependencies: 233
-- Name: staff_subjects_id_seq; Type: SEQUENCE OWNED BY; Schema: public; Owner: postgres
--

ALTER SEQUENCE public.staff_subjects_id_seq OWNED BY public.staff_subjects.id;


--
-- TOC entry 238 (class 1259 OID 16891)
-- Name: student_queries; Type: TABLE; Schema: public; Owner: postgres
--

CREATE TABLE public.student_queries (
    id integer NOT NULL,
    student_id integer NOT NULL,
    staff_id integer NOT NULL,
    query_type text NOT NULL,
    subject text NOT NULL,
    question text NOT NULL,
    status text DEFAULT 'pending'::text NOT NULL,
    response text,
    created_at timestamp without time zone DEFAULT CURRENT_TIMESTAMP NOT NULL,
    responded_at timestamp without time zone
);


ALTER TABLE public.student_queries OWNER TO postgres;

--
-- TOC entry 237 (class 1259 OID 16890)
-- Name: student_queries_id_seq; Type: SEQUENCE; Schema: public; Owner: postgres
--

CREATE SEQUENCE public.student_queries_id_seq
    AS integer
    START WITH 1
    INCREMENT BY 1
    NO MINVALUE
    NO MAXVALUE
    CACHE 1;


ALTER SEQUENCE public.student_queries_id_seq OWNER TO postgres;

--
-- TOC entry 5063 (class 0 OID 0)
-- Dependencies: 237
-- Name: student_queries_id_seq; Type: SEQUENCE OWNED BY; Schema: public; Owner: postgres
--

ALTER SEQUENCE public.student_queries_id_seq OWNED BY public.student_queries.id;


--
-- TOC entry 220 (class 1259 OID 16573)
-- Name: students; Type: TABLE; Schema: public; Owner: postgres
--

CREATE TABLE public.students (
    id integer NOT NULL,
    user_id integer,
    usn character varying(20) NOT NULL,
    department character varying(50),
    semester integer,
    staff_id integer,
    department_id integer
);


ALTER TABLE public.students OWNER TO postgres;

--
-- TOC entry 219 (class 1259 OID 16572)
-- Name: students_id_seq; Type: SEQUENCE; Schema: public; Owner: postgres
--

CREATE SEQUENCE public.students_id_seq
    AS integer
    START WITH 1
    INCREMENT BY 1
    NO MINVALUE
    NO MAXVALUE
    CACHE 1;


ALTER SEQUENCE public.students_id_seq OWNER TO postgres;

--
-- TOC entry 5064 (class 0 OID 0)
-- Dependencies: 219
-- Name: students_id_seq; Type: SEQUENCE OWNED BY; Schema: public; Owner: postgres
--

ALTER SEQUENCE public.students_id_seq OWNED BY public.students.id;


--
-- TOC entry 222 (class 1259 OID 16587)
-- Name: subjects; Type: TABLE; Schema: public; Owner: postgres
--

CREATE TABLE public.subjects (
    id integer NOT NULL,
    subject_name character varying(100) NOT NULL,
    max_marks integer NOT NULL,
    department_id integer,
    subject_code character varying(50),
    pass_marks integer,
    credits integer,
    course character varying(20),
    year character varying(20),
    specialization character varying(255)
);


ALTER TABLE public.subjects OWNER TO postgres;

--
-- TOC entry 221 (class 1259 OID 16586)
-- Name: subjects_id_seq; Type: SEQUENCE; Schema: public; Owner: postgres
--

CREATE SEQUENCE public.subjects_id_seq
    AS integer
    START WITH 1
    INCREMENT BY 1
    NO MINVALUE
    NO MAXVALUE
    CACHE 1;


ALTER SEQUENCE public.subjects_id_seq OWNER TO postgres;

--
-- TOC entry 5065 (class 0 OID 0)
-- Dependencies: 221
-- Name: subjects_id_seq; Type: SEQUENCE OWNED BY; Schema: public; Owner: postgres
--

ALTER SEQUENCE public.subjects_id_seq OWNED BY public.subjects.id;


--
-- TOC entry 218 (class 1259 OID 16562)
-- Name: users; Type: TABLE; Schema: public; Owner: postgres
--

CREATE TABLE public.users (
    id integer NOT NULL,
    name character varying(100) NOT NULL,
    email character varying(100) NOT NULL,
    password character varying(255) NOT NULL,
    role character varying(20),
    created_at timestamp without time zone DEFAULT CURRENT_TIMESTAMP,
    CONSTRAINT users_role_check CHECK (((role)::text = ANY ((ARRAY['admin'::character varying, 'staff'::character varying, 'student'::character varying])::text[])))
);


ALTER TABLE public.users OWNER TO postgres;

--
-- TOC entry 217 (class 1259 OID 16561)
-- Name: users_id_seq; Type: SEQUENCE; Schema: public; Owner: postgres
--

CREATE SEQUENCE public.users_id_seq
    AS integer
    START WITH 1
    INCREMENT BY 1
    NO MINVALUE
    NO MAXVALUE
    CACHE 1;


ALTER SEQUENCE public.users_id_seq OWNER TO postgres;

--
-- TOC entry 5066 (class 0 OID 0)
-- Dependencies: 217
-- Name: users_id_seq; Type: SEQUENCE OWNED BY; Schema: public; Owner: postgres
--

ALTER SEQUENCE public.users_id_seq OWNED BY public.users.id;


--
-- TOC entry 4804 (class 2604 OID 16755)
-- Name: departments id; Type: DEFAULT; Schema: public; Owner: postgres
--

ALTER TABLE ONLY public.departments ALTER COLUMN id SET DEFAULT nextval('public.departments_id_seq'::regclass);


--
-- TOC entry 4796 (class 2604 OID 16637)
-- Name: exams id; Type: DEFAULT; Schema: public; Owner: postgres
--

ALTER TABLE ONLY public.exams ALTER COLUMN id SET DEFAULT nextval('public.exams_id_seq'::regclass);


--
-- TOC entry 4798 (class 2604 OID 16644)
-- Name: marks id; Type: DEFAULT; Schema: public; Owner: postgres
--

ALTER TABLE ONLY public.marks ALTER COLUMN id SET DEFAULT nextval('public.marks_id_seq'::regclass);


--
-- TOC entry 4806 (class 2604 OID 16804)
-- Name: normalization_rules id; Type: DEFAULT; Schema: public; Owner: postgres
--

ALTER TABLE ONLY public.normalization_rules ALTER COLUMN id SET DEFAULT nextval('public.normalization_rules_id_seq'::regclass);


--
-- TOC entry 4802 (class 2604 OID 16745)
-- Name: schema_migrations id; Type: DEFAULT; Schema: public; Owner: postgres
--

ALTER TABLE ONLY public.schema_migrations ALTER COLUMN id SET DEFAULT nextval('public.schema_migrations_id_seq'::regclass);


--
-- TOC entry 4801 (class 2604 OID 16668)
-- Name: staff id; Type: DEFAULT; Schema: public; Owner: postgres
--

ALTER TABLE ONLY public.staff ALTER COLUMN id SET DEFAULT nextval('public.staff_id_seq'::regclass);


--
-- TOC entry 4805 (class 2604 OID 16785)
-- Name: staff_subjects id; Type: DEFAULT; Schema: public; Owner: postgres
--

ALTER TABLE ONLY public.staff_subjects ALTER COLUMN id SET DEFAULT nextval('public.staff_subjects_id_seq'::regclass);


--
-- TOC entry 4810 (class 2604 OID 16894)
-- Name: student_queries id; Type: DEFAULT; Schema: public; Owner: postgres
--

ALTER TABLE ONLY public.student_queries ALTER COLUMN id SET DEFAULT nextval('public.student_queries_id_seq'::regclass);


--
-- TOC entry 4794 (class 2604 OID 16576)
-- Name: students id; Type: DEFAULT; Schema: public; Owner: postgres
--

ALTER TABLE ONLY public.students ALTER COLUMN id SET DEFAULT nextval('public.students_id_seq'::regclass);


--
-- TOC entry 4795 (class 2604 OID 16590)
-- Name: subjects id; Type: DEFAULT; Schema: public; Owner: postgres
--

ALTER TABLE ONLY public.subjects ALTER COLUMN id SET DEFAULT nextval('public.subjects_id_seq'::regclass);


--
-- TOC entry 4792 (class 2604 OID 16565)
-- Name: users id; Type: DEFAULT; Schema: public; Owner: postgres
--

ALTER TABLE ONLY public.users ALTER COLUMN id SET DEFAULT nextval('public.users_id_seq'::regclass);


--
-- TOC entry 5044 (class 0 OID 16752)
-- Dependencies: 232
-- Data for Name: departments; Type: TABLE DATA; Schema: public; Owner: postgres
--

COPY public.departments (id, code, name) FROM stdin;
1	MBBS	Bachelor of Medicine and Bachelor of Surgery
\.


--
-- TOC entry 5036 (class 0 OID 16634)
-- Dependencies: 224
-- Data for Name: exams; Type: TABLE DATA; Schema: public; Owner: postgres
--

COPY public.exams (id, exam_name, max_marks, exam_date, department_id, semester, academic_year, exam_type, status) FROM stdin;
1	MBBS Internal 1	50	2026-02-10	1	\N	2026-27	Internal	published
2	MBBS Internal 2	50	2026-03-10	1	\N	2026-27	Internal	published
3	MBBS Mid Term	75	2026-04-05	1	\N	2026-27	Internal	published
4	MBBS Final	100	2026-05-20	1	\N	2026-27	Final	published
16	Internal 1	50	\N	\N	\N	\N	\N	published
17	Internal 2	50	\N	\N	\N	\N	\N	published
18	Midterm	75	\N	\N	\N	\N	\N	published
19	Final Exam	100	\N	\N	\N	\N	\N	published
\.


--
-- TOC entry 5038 (class 0 OID 16641)
-- Dependencies: 226
-- Data for Name: marks; Type: TABLE DATA; Schema: public; Owner: postgres
--

COPY public.marks (id, student_id, subject_id, exam_id, marks_obtained, normalized_score, entered_by_staff_id, updated_by_staff_id, entered_at, updated_at, remarks) FROM stdin;
13962	201	7	16	28	56.00	\N	\N	2026-03-31 09:12:10.254561	2026-03-31 09:12:10.254561	\N
13963	201	7	17	29	58.00	\N	\N	2026-03-31 09:12:10.306975	2026-03-31 09:12:10.306975	\N
13964	201	7	18	45	60.00	\N	\N	2026-03-31 09:12:10.315006	2026-03-31 09:12:10.315006	\N
13965	201	7	19	59	59.00	\N	\N	2026-03-31 09:12:10.321577	2026-03-31 09:12:10.321577	\N
13966	201	8	16	28	56.00	\N	\N	2026-03-31 09:12:10.32794	2026-03-31 09:12:10.32794	\N
13967	201	8	17	29	58.00	\N	\N	2026-03-31 09:12:10.33638	2026-03-31 09:12:10.33638	\N
13968	201	8	18	45	60.00	\N	\N	2026-03-31 09:12:10.343964	2026-03-31 09:12:10.343964	\N
13969	201	8	19	60	60.00	\N	\N	2026-03-31 09:12:10.350638	2026-03-31 09:12:10.350638	\N
13970	201	9	16	31	62.00	\N	\N	2026-03-31 09:12:10.357655	2026-03-31 09:12:10.357655	\N
13971	201	9	17	32	64.00	\N	\N	2026-03-31 09:12:10.365785	2026-03-31 09:12:10.365785	\N
13972	201	9	18	49	65.33	\N	\N	2026-03-31 09:12:10.373077	2026-03-31 09:12:10.373077	\N
13973	201	9	19	65	65.00	\N	\N	2026-03-31 09:12:10.380302	2026-03-31 09:12:10.380302	\N
13974	202	7	16	18	36.00	\N	\N	2026-03-31 09:12:10.387124	2026-03-31 09:12:10.387124	\N
13975	202	7	17	19	38.00	\N	\N	2026-03-31 09:12:10.394774	2026-03-31 09:12:10.394774	\N
13976	202	7	18	25	33.33	\N	\N	2026-03-31 09:12:10.404443	2026-03-31 09:12:10.404443	\N
13977	202	7	19	40	40.00	\N	\N	2026-03-31 09:12:10.413178	2026-03-31 09:12:10.413178	\N
13978	202	8	16	18	36.00	\N	\N	2026-03-31 09:12:10.422539	2026-03-31 09:12:10.422539	\N
13979	202	8	17	15	30.00	\N	\N	2026-03-31 09:12:10.430856	2026-03-31 09:12:10.430856	\N
13980	202	8	18	25	33.33	\N	\N	2026-03-31 09:12:10.440214	2026-03-31 09:12:10.440214	\N
13981	202	8	19	33	33.00	\N	\N	2026-03-31 09:12:10.451252	2026-03-31 09:12:10.451252	\N
13982	202	9	16	17	34.00	\N	\N	2026-03-31 09:12:10.460527	2026-03-31 09:12:10.460527	\N
13983	202	9	17	18	36.00	\N	\N	2026-03-31 09:12:10.470493	2026-03-31 09:12:10.470493	\N
13984	202	9	18	29	38.67	\N	\N	2026-03-31 09:12:10.478013	2026-03-31 09:12:10.478013	\N
13985	202	9	19	38	38.00	\N	\N	2026-03-31 09:12:10.485885	2026-03-31 09:12:10.485885	\N
13986	203	7	16	12	24.00	\N	\N	2026-03-31 09:12:10.492453	2026-03-31 09:12:10.492453	\N
13987	203	7	17	13	26.00	\N	\N	2026-03-31 09:12:10.501491	2026-03-31 09:12:10.501491	\N
13988	203	7	18	17	22.67	\N	\N	2026-03-31 09:12:10.509894	2026-03-31 09:12:10.509894	\N
13989	203	7	19	28	28.00	\N	\N	2026-03-31 09:12:10.515572	2026-03-31 09:12:10.515572	\N
13990	203	8	16	13	26.00	\N	\N	2026-03-31 09:12:10.521713	2026-03-31 09:12:10.521713	\N
13991	203	8	17	18	36.00	\N	\N	2026-03-31 09:12:10.527194	2026-03-31 09:12:10.527194	\N
13992	203	8	18	17	22.67	\N	\N	2026-03-31 09:12:10.53282	2026-03-31 09:12:10.53282	\N
13993	203	8	19	29	29.00	\N	\N	2026-03-31 09:12:10.538546	2026-03-31 09:12:10.538546	\N
13994	203	9	16	15	30.00	\N	\N	2026-03-31 09:12:10.542922	2026-03-31 09:12:10.542922	\N
13995	203	9	17	20	40.00	\N	\N	2026-03-31 09:12:10.547351	2026-03-31 09:12:10.547351	\N
13996	203	9	18	21	28.00	\N	\N	2026-03-31 09:12:10.552933	2026-03-31 09:12:10.552933	\N
13997	203	9	19	43	43.00	\N	\N	2026-03-31 09:12:10.55712	2026-03-31 09:12:10.55712	\N
13998	204	7	16	43	86.00	\N	\N	2026-03-31 09:12:10.56198	2026-03-31 09:12:10.56198	\N
13999	204	7	17	44	88.00	\N	\N	2026-03-31 09:12:10.566688	2026-03-31 09:12:10.566688	\N
14000	204	7	18	62	82.67	\N	\N	2026-03-31 09:12:10.572453	2026-03-31 09:12:10.572453	\N
14001	204	7	19	89	89.00	\N	\N	2026-03-31 09:12:10.57639	2026-03-31 09:12:10.57639	\N
14002	204	8	16	41	82.00	\N	\N	2026-03-31 09:12:10.582853	2026-03-31 09:12:10.582853	\N
14003	204	8	17	41	82.00	\N	\N	2026-03-31 09:12:10.587394	2026-03-31 09:12:10.587394	\N
14004	204	8	18	62	82.67	\N	\N	2026-03-31 09:12:10.591715	2026-03-31 09:12:10.591715	\N
14005	204	8	19	90	90.00	\N	\N	2026-03-31 09:12:10.597798	2026-03-31 09:12:10.597798	\N
14006	204	9	16	43	86.00	\N	\N	2026-03-31 09:12:10.602584	2026-03-31 09:12:10.602584	\N
14007	204	9	17	44	88.00	\N	\N	2026-03-31 09:12:10.606667	2026-03-31 09:12:10.606667	\N
14008	204	9	18	65	86.67	\N	\N	2026-03-31 09:12:10.610836	2026-03-31 09:12:10.610836	\N
14009	204	9	19	90	90.00	\N	\N	2026-03-31 09:12:10.617116	2026-03-31 09:12:10.617116	\N
14010	205	7	16	42	84.00	\N	\N	2026-03-31 09:12:10.622009	2026-03-31 09:12:10.622009	\N
14011	205	7	17	43	86.00	\N	\N	2026-03-31 09:12:10.627838	2026-03-31 09:12:10.627838	\N
14012	205	7	18	64	85.33	\N	\N	2026-03-31 09:12:10.633768	2026-03-31 09:12:10.633768	\N
14013	205	7	19	88	88.00	\N	\N	2026-03-31 09:12:10.638368	2026-03-31 09:12:10.638368	\N
14014	205	8	16	42	84.00	\N	\N	2026-03-31 09:12:10.64314	2026-03-31 09:12:10.64314	\N
14015	205	8	17	43	86.00	\N	\N	2026-03-31 09:12:10.649626	2026-03-31 09:12:10.649626	\N
14016	205	8	18	64	85.33	\N	\N	2026-03-31 09:12:10.655386	2026-03-31 09:12:10.655386	\N
14017	205	8	19	89	89.00	\N	\N	2026-03-31 09:12:10.66119	2026-03-31 09:12:10.66119	\N
14018	205	9	16	45	90.00	\N	\N	2026-03-31 09:12:10.667441	2026-03-31 09:12:10.667441	\N
14019	205	9	17	46	92.00	\N	\N	2026-03-31 09:12:10.672245	2026-03-31 09:12:10.672245	\N
14020	205	9	18	68	90.67	\N	\N	2026-03-31 09:12:10.677909	2026-03-31 09:12:10.677909	\N
14021	205	9	19	94	94.00	\N	\N	2026-03-31 09:12:10.6838	2026-03-31 09:12:10.6838	\N
14022	206	7	16	29	58.00	\N	\N	2026-03-31 09:12:10.690121	2026-03-31 09:12:10.690121	\N
14023	206	7	17	30	60.00	\N	\N	2026-03-31 09:12:10.695148	2026-03-31 09:12:10.695148	\N
14024	206	7	18	43	57.33	\N	\N	2026-03-31 09:12:10.701015	2026-03-31 09:12:10.701015	\N
14025	206	7	19	61	61.00	\N	\N	2026-03-31 09:12:10.705413	2026-03-31 09:12:10.705413	\N
14026	206	8	16	29	58.00	\N	\N	2026-03-31 09:12:10.710966	2026-03-31 09:12:10.710966	\N
14027	206	8	17	30	60.00	\N	\N	2026-03-31 09:12:10.717373	2026-03-31 09:12:10.717373	\N
14028	206	8	18	43	57.33	\N	\N	2026-03-31 09:12:10.722507	2026-03-31 09:12:10.722507	\N
14029	206	8	19	62	62.00	\N	\N	2026-03-31 09:12:10.733687	2026-03-31 09:12:10.733687	\N
14030	206	9	16	29	58.00	\N	\N	2026-03-31 09:12:10.739938	2026-03-31 09:12:10.739938	\N
14031	206	9	17	30	60.00	\N	\N	2026-03-31 09:12:10.745143	2026-03-31 09:12:10.745143	\N
14032	206	9	18	46	61.33	\N	\N	2026-03-31 09:12:10.750766	2026-03-31 09:12:10.750766	\N
14033	206	9	19	67	67.00	\N	\N	2026-03-31 09:12:10.755172	2026-03-31 09:12:10.755172	\N
14034	207	7	16	28	56.00	\N	\N	2026-03-31 09:12:10.760279	2026-03-31 09:12:10.760279	\N
14035	207	7	17	29	58.00	\N	\N	2026-03-31 09:12:10.765798	2026-03-31 09:12:10.765798	\N
14036	207	7	18	45	60.00	\N	\N	2026-03-31 09:12:10.770298	2026-03-31 09:12:10.770298	\N
14037	207	7	19	60	60.00	\N	\N	2026-03-31 09:12:10.776073	2026-03-31 09:12:10.776073	\N
14038	207	8	16	28	56.00	\N	\N	2026-03-31 09:12:10.780635	2026-03-31 09:12:10.780635	\N
14039	207	8	17	29	58.00	\N	\N	2026-03-31 09:12:10.785521	2026-03-31 09:12:10.785521	\N
14040	207	8	18	45	60.00	\N	\N	2026-03-31 09:12:10.789862	2026-03-31 09:12:10.789862	\N
14041	207	8	19	61	61.00	\N	\N	2026-03-31 09:12:10.795047	2026-03-31 09:12:10.795047	\N
14042	207	9	16	31	62.00	\N	\N	2026-03-31 09:12:10.800802	2026-03-31 09:12:10.800802	\N
14043	207	9	17	32	64.00	\N	\N	2026-03-31 09:12:10.805051	2026-03-31 09:12:10.805051	\N
14044	207	9	18	49	65.33	\N	\N	2026-03-31 09:12:10.810763	2026-03-31 09:12:10.810763	\N
14045	207	9	19	66	66.00	\N	\N	2026-03-31 09:12:10.816618	2026-03-31 09:12:10.816618	\N
14046	208	7	16	31	62.00	\N	\N	2026-03-31 09:12:10.822003	2026-03-31 09:12:10.822003	\N
14047	208	7	17	32	64.00	\N	\N	2026-03-31 09:12:10.827905	2026-03-31 09:12:10.827905	\N
14048	208	7	18	48	64.00	\N	\N	2026-03-31 09:12:10.833158	2026-03-31 09:12:10.833158	\N
14049	208	7	19	65	65.00	\N	\N	2026-03-31 09:12:10.838905	2026-03-31 09:12:10.838905	\N
14050	208	8	16	31	62.00	\N	\N	2026-03-31 09:12:10.843517	2026-03-31 09:12:10.843517	\N
14051	208	8	17	32	64.00	\N	\N	2026-03-31 09:12:10.848173	2026-03-31 09:12:10.848173	\N
14052	208	8	18	47	62.67	\N	\N	2026-03-31 09:12:10.853218	2026-03-31 09:12:10.853218	\N
14053	208	8	19	66	66.00	\N	\N	2026-03-31 09:12:10.85762	2026-03-31 09:12:10.85762	\N
14054	208	9	16	31	62.00	\N	\N	2026-03-31 09:12:10.861815	2026-03-31 09:12:10.861815	\N
14055	208	9	17	32	64.00	\N	\N	2026-03-31 09:12:10.867768	2026-03-31 09:12:10.867768	\N
14056	208	9	18	47	62.67	\N	\N	2026-03-31 09:12:10.872244	2026-03-31 09:12:10.872244	\N
14057	208	9	19	71	71.00	\N	\N	2026-03-31 09:12:10.876914	2026-03-31 09:12:10.876914	\N
14058	209	7	16	30	60.00	\N	\N	2026-03-31 09:12:10.882452	2026-03-31 09:12:10.882452	\N
14059	209	7	17	31	62.00	\N	\N	2026-03-31 09:12:10.888056	2026-03-31 09:12:10.888056	\N
14060	209	7	18	45	60.00	\N	\N	2026-03-31 09:12:10.89334	2026-03-31 09:12:10.89334	\N
14061	209	7	19	70	70.00	\N	\N	2026-03-31 09:12:10.898503	2026-03-31 09:12:10.898503	\N
14062	209	8	16	30	60.00	\N	\N	2026-03-31 09:12:10.903709	2026-03-31 09:12:10.903709	\N
14063	209	8	17	31	62.00	\N	\N	2026-03-31 09:12:10.908448	2026-03-31 09:12:10.908448	\N
14064	209	8	18	45	60.00	\N	\N	2026-03-31 09:12:10.913405	2026-03-31 09:12:10.913405	\N
14065	209	8	19	65	65.00	\N	\N	2026-03-31 09:12:10.918854	2026-03-31 09:12:10.918854	\N
14066	209	9	16	29	58.00	\N	\N	2026-03-31 09:12:10.924286	2026-03-31 09:12:10.924286	\N
14067	209	9	17	30	60.00	\N	\N	2026-03-31 09:12:10.930567	2026-03-31 09:12:10.930567	\N
14068	209	9	18	43	57.33	\N	\N	2026-03-31 09:12:10.935943	2026-03-31 09:12:10.935943	\N
14069	209	9	19	62	62.00	\N	\N	2026-03-31 09:12:10.941006	2026-03-31 09:12:10.941006	\N
14070	210	7	16	28	56.00	\N	\N	2026-03-31 09:12:10.94617	2026-03-31 09:12:10.94617	\N
14071	210	7	17	29	58.00	\N	\N	2026-03-31 09:12:10.952757	2026-03-31 09:12:10.952757	\N
14072	210	7	18	42	56.00	\N	\N	2026-03-31 09:12:10.95804	2026-03-31 09:12:10.95804	\N
14073	210	7	19	61	61.00	\N	\N	2026-03-31 09:12:10.963335	2026-03-31 09:12:10.963335	\N
14074	210	8	16	29	58.00	\N	\N	2026-03-31 09:12:10.968413	2026-03-31 09:12:10.968413	\N
14075	210	8	17	30	60.00	\N	\N	2026-03-31 09:12:10.973112	2026-03-31 09:12:10.973112	\N
14076	210	8	18	42	56.00	\N	\N	2026-03-31 09:12:10.978156	2026-03-31 09:12:10.978156	\N
14077	210	8	19	61	61.00	\N	\N	2026-03-31 09:12:10.983928	2026-03-31 09:12:10.983928	\N
14078	210	9	16	32	64.00	\N	\N	2026-03-31 09:12:10.989185	2026-03-31 09:12:10.989185	\N
14079	210	9	17	33	66.00	\N	\N	2026-03-31 09:12:10.994461	2026-03-31 09:12:10.994461	\N
14080	210	9	18	45	60.00	\N	\N	2026-03-31 09:12:10.999959	2026-03-31 09:12:10.999959	\N
14081	210	9	19	67	67.00	\N	\N	2026-03-31 09:12:11.005109	2026-03-31 09:12:11.005109	\N
14082	211	7	16	28	56.00	\N	\N	2026-03-31 09:12:11.011375	2026-03-31 09:12:11.011375	\N
14083	211	7	17	29	58.00	\N	\N	2026-03-31 09:12:11.017249	2026-03-31 09:12:11.017249	\N
14084	211	7	18	44	58.67	\N	\N	2026-03-31 09:12:11.023598	2026-03-31 09:12:11.023598	\N
14085	211	7	19	66	66.00	\N	\N	2026-03-31 09:12:11.029802	2026-03-31 09:12:11.029802	\N
14086	211	8	16	28	56.00	\N	\N	2026-03-31 09:12:11.036783	2026-03-31 09:12:11.036783	\N
14087	211	8	17	29	58.00	\N	\N	2026-03-31 09:12:11.043342	2026-03-31 09:12:11.043342	\N
14088	211	8	18	44	58.67	\N	\N	2026-03-31 09:12:11.05157	2026-03-31 09:12:11.05157	\N
14089	211	8	19	60	60.00	\N	\N	2026-03-31 09:12:11.058066	2026-03-31 09:12:11.058066	\N
14090	211	9	16	31	62.00	\N	\N	2026-03-31 09:12:11.064334	2026-03-31 09:12:11.064334	\N
14091	211	9	17	32	64.00	\N	\N	2026-03-31 09:12:11.070885	2026-03-31 09:12:11.070885	\N
14092	211	9	18	48	64.00	\N	\N	2026-03-31 09:12:11.078098	2026-03-31 09:12:11.078098	\N
14093	211	9	19	66	66.00	\N	\N	2026-03-31 09:12:11.086263	2026-03-31 09:12:11.086263	\N
14094	212	7	16	18	36.00	\N	\N	2026-03-31 09:12:11.092366	2026-03-31 09:12:11.092366	\N
14095	212	7	17	19	38.00	\N	\N	2026-03-31 09:12:11.099333	2026-03-31 09:12:11.099333	\N
14096	212	7	18	29	38.67	\N	\N	2026-03-31 09:12:11.105181	2026-03-31 09:12:11.105181	\N
14097	212	7	19	41	41.00	\N	\N	2026-03-31 09:12:11.112617	2026-03-31 09:12:11.112617	\N
14098	212	8	16	19	38.00	\N	\N	2026-03-31 09:12:11.120288	2026-03-31 09:12:11.120288	\N
14099	212	8	17	20	40.00	\N	\N	2026-03-31 09:12:11.127777	2026-03-31 09:12:11.127777	\N
14100	212	8	18	29	38.67	\N	\N	2026-03-31 09:12:11.135092	2026-03-31 09:12:11.135092	\N
14101	212	8	19	41	41.00	\N	\N	2026-03-31 09:12:11.142451	2026-03-31 09:12:11.142451	\N
14102	212	9	16	21	42.00	\N	\N	2026-03-31 09:12:11.150434	2026-03-31 09:12:11.150434	\N
14103	212	9	17	18	36.00	\N	\N	2026-03-31 09:12:11.155523	2026-03-31 09:12:11.155523	\N
14104	212	9	18	32	42.67	\N	\N	2026-03-31 09:12:11.161869	2026-03-31 09:12:11.161869	\N
14105	212	9	19	39	39.00	\N	\N	2026-03-31 09:12:11.168546	2026-03-31 09:12:11.168546	\N
14106	213	7	16	16	32.00	\N	\N	2026-03-31 09:12:11.175353	2026-03-31 09:12:11.175353	\N
14107	213	7	17	13	26.00	\N	\N	2026-03-31 09:12:11.18259	2026-03-31 09:12:11.18259	\N
14108	213	7	18	27	36.00	\N	\N	2026-03-31 09:12:11.189671	2026-03-31 09:12:11.189671	\N
14109	213	7	19	37	37.00	\N	\N	2026-03-31 09:12:11.196438	2026-03-31 09:12:11.196438	\N
14110	213	8	16	13	26.00	\N	\N	2026-03-31 09:12:11.203265	2026-03-31 09:12:11.203265	\N
14111	213	8	17	14	28.00	\N	\N	2026-03-31 09:12:11.207317	2026-03-31 09:12:11.207317	\N
14112	213	8	18	27	36.00	\N	\N	2026-03-31 09:12:11.211695	2026-03-31 09:12:11.211695	\N
14113	213	8	19	30	30.00	\N	\N	2026-03-31 09:12:11.218563	2026-03-31 09:12:11.218563	\N
14114	213	9	16	16	32.00	\N	\N	2026-03-31 09:12:11.226074	2026-03-31 09:12:11.226074	\N
14115	213	9	17	21	42.00	\N	\N	2026-03-31 09:12:11.233119	2026-03-31 09:12:11.233119	\N
14116	213	9	18	31	41.33	\N	\N	2026-03-31 09:12:11.241292	2026-03-31 09:12:11.241292	\N
14117	213	9	19	35	35.00	\N	\N	2026-03-31 09:12:11.249419	2026-03-31 09:12:11.249419	\N
14118	214	7	16	43	86.00	\N	\N	2026-03-31 09:12:11.255842	2026-03-31 09:12:11.255842	\N
14119	214	7	17	44	88.00	\N	\N	2026-03-31 09:12:11.261276	2026-03-31 09:12:11.261276	\N
14120	214	7	18	66	88.00	\N	\N	2026-03-31 09:12:11.269244	2026-03-31 09:12:11.269244	\N
14121	214	7	19	90	90.00	\N	\N	2026-03-31 09:12:11.277655	2026-03-31 09:12:11.277655	\N
14122	214	8	16	43	86.00	\N	\N	2026-03-31 09:12:11.284039	2026-03-31 09:12:11.284039	\N
14123	214	8	17	44	88.00	\N	\N	2026-03-31 09:12:11.290456	2026-03-31 09:12:11.290456	\N
14124	214	8	18	65	86.67	\N	\N	2026-03-31 09:12:11.297583	2026-03-31 09:12:11.297583	\N
14125	214	8	19	90	90.00	\N	\N	2026-03-31 09:12:11.304479	2026-03-31 09:12:11.304479	\N
14126	214	9	16	43	86.00	\N	\N	2026-03-31 09:12:11.311779	2026-03-31 09:12:11.311779	\N
14127	214	9	17	44	88.00	\N	\N	2026-03-31 09:12:11.319711	2026-03-31 09:12:11.319711	\N
14128	214	9	18	69	92.00	\N	\N	2026-03-31 09:12:11.327552	2026-03-31 09:12:11.327552	\N
14129	214	9	19	96	96.00	\N	\N	2026-03-31 09:12:11.334403	2026-03-31 09:12:11.334403	\N
14130	215	7	16	42	84.00	\N	\N	2026-03-31 09:12:11.341324	2026-03-31 09:12:11.341324	\N
14131	215	7	17	43	86.00	\N	\N	2026-03-31 09:12:11.348314	2026-03-31 09:12:11.348314	\N
14132	215	7	18	63	84.00	\N	\N	2026-03-31 09:12:11.357062	2026-03-31 09:12:11.357062	\N
14133	215	7	19	89	89.00	\N	\N	2026-03-31 09:12:11.362314	2026-03-31 09:12:11.362314	\N
14134	215	8	16	43	86.00	\N	\N	2026-03-31 09:12:11.369268	2026-03-31 09:12:11.369268	\N
14135	215	8	17	44	88.00	\N	\N	2026-03-31 09:12:11.376012	2026-03-31 09:12:11.376012	\N
14136	215	8	18	63	84.00	\N	\N	2026-03-31 09:12:11.382716	2026-03-31 09:12:11.382716	\N
14137	215	8	19	89	89.00	\N	\N	2026-03-31 09:12:11.389872	2026-03-31 09:12:11.389872	\N
14138	215	9	16	42	84.00	\N	\N	2026-03-31 09:12:11.395965	2026-03-31 09:12:11.395965	\N
14139	215	9	17	43	86.00	\N	\N	2026-03-31 09:12:11.403062	2026-03-31 09:12:11.403062	\N
14140	215	9	18	61	81.33	\N	\N	2026-03-31 09:12:11.407084	2026-03-31 09:12:11.407084	\N
14141	215	9	19	87	87.00	\N	\N	2026-03-31 09:12:11.411137	2026-03-31 09:12:11.411137	\N
14142	216	7	16	29	58.00	\N	\N	2026-03-31 09:12:11.41823	2026-03-31 09:12:11.41823	\N
14143	216	7	17	30	60.00	\N	\N	2026-03-31 09:12:11.425467	2026-03-31 09:12:11.425467	\N
14144	216	7	18	42	56.00	\N	\N	2026-03-31 09:12:11.43358	2026-03-31 09:12:11.43358	\N
14145	216	7	19	62	62.00	\N	\N	2026-03-31 09:12:11.440817	2026-03-31 09:12:11.440817	\N
14146	216	8	16	29	58.00	\N	\N	2026-03-31 09:12:11.447857	2026-03-31 09:12:11.447857	\N
14147	216	8	17	30	60.00	\N	\N	2026-03-31 09:12:11.454785	2026-03-31 09:12:11.454785	\N
14148	216	8	18	42	56.00	\N	\N	2026-03-31 09:12:11.461527	2026-03-31 09:12:11.461527	\N
14149	216	8	19	62	62.00	\N	\N	2026-03-31 09:12:11.468675	2026-03-31 09:12:11.468675	\N
14150	216	9	16	29	58.00	\N	\N	2026-03-31 09:12:11.475958	2026-03-31 09:12:11.475958	\N
14151	216	9	17	30	60.00	\N	\N	2026-03-31 09:12:11.483178	2026-03-31 09:12:11.483178	\N
14152	216	9	18	45	60.00	\N	\N	2026-03-31 09:12:11.490365	2026-03-31 09:12:11.490365	\N
14153	216	9	19	68	68.00	\N	\N	2026-03-31 09:12:11.497521	2026-03-31 09:12:11.497521	\N
14154	217	7	16	28	56.00	\N	\N	2026-03-31 09:12:11.504493	2026-03-31 09:12:11.504493	\N
14155	217	7	17	29	58.00	\N	\N	2026-03-31 09:12:11.509221	2026-03-31 09:12:11.509221	\N
14156	217	7	18	44	58.67	\N	\N	2026-03-31 09:12:11.513758	2026-03-31 09:12:11.513758	\N
14157	217	7	19	67	67.00	\N	\N	2026-03-31 09:12:11.519493	2026-03-31 09:12:11.519493	\N
14158	217	8	16	29	58.00	\N	\N	2026-03-31 09:12:11.524475	2026-03-31 09:12:11.524475	\N
14159	217	8	17	30	60.00	\N	\N	2026-03-31 09:12:11.529302	2026-03-31 09:12:11.529302	\N
14160	217	8	18	44	58.67	\N	\N	2026-03-31 09:12:11.534063	2026-03-31 09:12:11.534063	\N
14161	217	8	19	61	61.00	\N	\N	2026-03-31 09:12:11.53844	2026-03-31 09:12:11.53844	\N
14162	217	9	16	31	62.00	\N	\N	2026-03-31 09:12:11.543209	2026-03-31 09:12:11.543209	\N
14163	217	9	17	32	64.00	\N	\N	2026-03-31 09:12:11.547239	2026-03-31 09:12:11.547239	\N
14164	217	9	18	48	64.00	\N	\N	2026-03-31 09:12:11.551698	2026-03-31 09:12:11.551698	\N
14165	217	9	19	67	67.00	\N	\N	2026-03-31 09:12:11.55578	2026-03-31 09:12:11.55578	\N
14166	218	7	16	31	62.00	\N	\N	2026-03-31 09:12:11.562057	2026-03-31 09:12:11.562057	\N
14167	218	7	17	32	64.00	\N	\N	2026-03-31 09:12:11.567377	2026-03-31 09:12:11.567377	\N
14168	218	7	18	47	62.67	\N	\N	2026-03-31 09:12:11.572318	2026-03-31 09:12:11.572318	\N
14169	218	7	19	66	66.00	\N	\N	2026-03-31 09:12:11.576396	2026-03-31 09:12:11.576396	\N
14170	218	8	16	31	62.00	\N	\N	2026-03-31 09:12:11.58051	2026-03-31 09:12:11.58051	\N
14171	218	8	17	32	64.00	\N	\N	2026-03-31 09:12:11.584907	2026-03-31 09:12:11.584907	\N
14172	218	8	18	47	62.67	\N	\N	2026-03-31 09:12:11.58861	2026-03-31 09:12:11.58861	\N
14173	218	8	19	66	66.00	\N	\N	2026-03-31 09:12:11.593105	2026-03-31 09:12:11.593105	\N
14174	218	9	16	34	68.00	\N	\N	2026-03-31 09:12:11.596958	2026-03-31 09:12:11.596958	\N
14175	218	9	17	35	70.00	\N	\N	2026-03-31 09:12:11.601086	2026-03-31 09:12:11.601086	\N
14176	218	9	18	50	66.67	\N	\N	2026-03-31 09:12:11.604959	2026-03-31 09:12:11.604959	\N
14177	218	9	19	72	72.00	\N	\N	2026-03-31 09:12:11.609263	2026-03-31 09:12:11.609263	\N
14178	219	7	16	26	52.00	\N	\N	2026-03-31 09:12:11.614029	2026-03-31 09:12:11.614029	\N
14179	219	7	17	27	54.00	\N	\N	2026-03-31 09:12:11.619164	2026-03-31 09:12:11.619164	\N
14180	219	7	18	43	57.33	\N	\N	2026-03-31 09:12:11.623699	2026-03-31 09:12:11.623699	\N
14181	219	7	19	62	62.00	\N	\N	2026-03-31 09:12:11.628441	2026-03-31 09:12:11.628441	\N
14182	219	8	16	27	54.00	\N	\N	2026-03-31 09:12:11.633577	2026-03-31 09:12:11.633577	\N
14183	219	8	17	28	56.00	\N	\N	2026-03-31 09:12:11.638409	2026-03-31 09:12:11.638409	\N
14184	219	8	18	43	57.33	\N	\N	2026-03-31 09:12:11.643408	2026-03-31 09:12:11.643408	\N
14185	219	8	19	57	57.00	\N	\N	2026-03-31 09:12:11.648302	2026-03-31 09:12:11.648302	\N
14186	219	9	16	29	58.00	\N	\N	2026-03-31 09:12:11.653857	2026-03-31 09:12:11.653857	\N
14187	219	9	17	30	60.00	\N	\N	2026-03-31 09:12:11.663004	2026-03-31 09:12:11.663004	\N
14188	219	9	18	47	62.67	\N	\N	2026-03-31 09:12:11.672237	2026-03-31 09:12:11.672237	\N
14189	219	9	19	63	63.00	\N	\N	2026-03-31 09:12:11.676869	2026-03-31 09:12:11.676869	\N
14190	220	7	16	29	58.00	\N	\N	2026-03-31 09:12:11.681743	2026-03-31 09:12:11.681743	\N
14191	220	7	17	30	60.00	\N	\N	2026-03-31 09:12:11.686184	2026-03-31 09:12:11.686184	\N
14192	220	7	18	46	61.33	\N	\N	2026-03-31 09:12:11.690728	2026-03-31 09:12:11.690728	\N
14193	220	7	19	61	61.00	\N	\N	2026-03-31 09:12:11.694968	2026-03-31 09:12:11.694968	\N
14194	220	8	16	29	58.00	\N	\N	2026-03-31 09:12:11.699585	2026-03-31 09:12:11.699585	\N
14195	220	8	17	30	60.00	\N	\N	2026-03-31 09:12:11.7042	2026-03-31 09:12:11.7042	\N
14196	220	8	18	45	60.00	\N	\N	2026-03-31 09:12:11.709406	2026-03-31 09:12:11.709406	\N
14197	220	8	19	62	62.00	\N	\N	2026-03-31 09:12:11.714419	2026-03-31 09:12:11.714419	\N
14198	220	9	16	32	64.00	\N	\N	2026-03-31 09:12:11.719507	2026-03-31 09:12:11.719507	\N
14199	220	9	17	33	66.00	\N	\N	2026-03-31 09:12:11.724747	2026-03-31 09:12:11.724747	\N
14200	220	9	18	49	65.33	\N	\N	2026-03-31 09:12:11.730579	2026-03-31 09:12:11.730579	\N
14201	220	9	19	68	68.00	\N	\N	2026-03-31 09:12:11.736448	2026-03-31 09:12:11.736448	\N
14202	5	10	16	43	86.00	\N	\N	2026-03-31 09:12:11.742271	2026-03-31 09:12:11.742271	\N
14203	5	10	17	44	88.00	\N	\N	2026-03-31 09:12:11.749012	2026-03-31 09:12:11.749012	\N
14204	5	10	18	67	89.33	\N	\N	2026-03-31 09:12:11.767354	2026-03-31 09:12:11.767354	\N
14205	5	10	19	96	96.00	\N	\N	2026-03-31 09:12:11.774068	2026-03-31 09:12:11.774068	\N
14206	5	25	16	45	90.00	\N	\N	2026-03-31 09:12:11.781044	2026-03-31 09:12:11.781044	\N
14207	5	25	17	46	92.00	\N	\N	2026-03-31 09:12:11.789999	2026-03-31 09:12:11.789999	\N
14208	5	25	18	69	92.00	\N	\N	2026-03-31 09:12:11.79811	2026-03-31 09:12:11.79811	\N
14209	5	25	19	93	93.00	\N	\N	2026-03-31 09:12:11.806155	2026-03-31 09:12:11.806155	\N
14210	5	26	16	45	90.00	\N	\N	2026-03-31 09:12:11.814033	2026-03-31 09:12:11.814033	\N
14211	5	26	17	46	92.00	\N	\N	2026-03-31 09:12:11.82171	2026-03-31 09:12:11.82171	\N
14212	5	26	18	69	92.00	\N	\N	2026-03-31 09:12:11.8347	2026-03-31 09:12:11.8347	\N
14213	5	26	19	94	94.00	\N	\N	2026-03-31 09:12:11.841884	2026-03-31 09:12:11.841884	\N
14214	10	10	16	45	90.00	\N	\N	2026-03-31 09:12:11.849945	2026-03-31 09:12:11.849945	\N
14215	10	10	17	46	92.00	\N	\N	2026-03-31 09:12:11.85538	2026-03-31 09:12:11.85538	\N
14216	10	10	18	70	93.33	\N	\N	2026-03-31 09:12:11.863509	2026-03-31 09:12:11.863509	\N
14217	10	10	19	95	95.00	\N	\N	2026-03-31 09:12:11.870327	2026-03-31 09:12:11.870327	\N
14218	10	25	16	43	86.00	\N	\N	2026-03-31 09:12:11.877301	2026-03-31 09:12:11.877301	\N
14219	10	25	17	44	88.00	\N	\N	2026-03-31 09:12:11.883103	2026-03-31 09:12:11.883103	\N
14220	10	25	18	66	88.00	\N	\N	2026-03-31 09:12:11.890206	2026-03-31 09:12:11.890206	\N
14221	10	25	19	90	90.00	\N	\N	2026-03-31 09:12:11.896818	2026-03-31 09:12:11.896818	\N
14222	10	26	16	44	88.00	\N	\N	2026-03-31 09:12:11.901792	2026-03-31 09:12:11.901792	\N
14223	10	26	17	45	90.00	\N	\N	2026-03-31 09:12:11.910108	2026-03-31 09:12:11.910108	\N
14224	10	26	18	66	88.00	\N	\N	2026-03-31 09:12:11.916231	2026-03-31 09:12:11.916231	\N
14225	10	26	19	91	91.00	\N	\N	2026-03-31 09:12:11.92376	2026-03-31 09:12:11.92376	\N
14226	15	10	16	32	64.00	\N	\N	2026-03-31 09:12:11.929528	2026-03-31 09:12:11.929528	\N
14227	15	10	17	33	66.00	\N	\N	2026-03-31 09:12:11.934543	2026-03-31 09:12:11.934543	\N
14228	15	10	18	48	64.00	\N	\N	2026-03-31 09:12:11.939773	2026-03-31 09:12:11.939773	\N
14229	15	10	19	68	68.00	\N	\N	2026-03-31 09:12:11.945164	2026-03-31 09:12:11.945164	\N
14230	15	25	16	31	62.00	\N	\N	2026-03-31 09:12:11.949931	2026-03-31 09:12:11.949931	\N
14231	15	25	17	32	64.00	\N	\N	2026-03-31 09:12:11.955647	2026-03-31 09:12:11.955647	\N
14232	15	25	18	50	66.67	\N	\N	2026-03-31 09:12:11.960913	2026-03-31 09:12:11.960913	\N
14233	15	25	19	71	71.00	\N	\N	2026-03-31 09:12:11.966101	2026-03-31 09:12:11.966101	\N
14234	15	26	16	31	62.00	\N	\N	2026-03-31 09:12:11.971955	2026-03-31 09:12:11.971955	\N
14235	15	26	17	32	64.00	\N	\N	2026-03-31 09:12:11.977293	2026-03-31 09:12:11.977293	\N
14236	15	26	18	50	66.67	\N	\N	2026-03-31 09:12:11.982808	2026-03-31 09:12:11.982808	\N
14237	15	26	19	66	66.00	\N	\N	2026-03-31 09:12:11.988215	2026-03-31 09:12:11.988215	\N
14238	20	10	16	31	62.00	\N	\N	2026-03-31 09:12:11.995879	2026-03-31 09:12:11.995879	\N
14239	20	10	17	32	64.00	\N	\N	2026-03-31 09:12:12.003195	2026-03-31 09:12:12.003195	\N
14240	20	10	18	46	61.33	\N	\N	2026-03-31 09:12:12.009026	2026-03-31 09:12:12.009026	\N
14241	20	10	19	67	67.00	\N	\N	2026-03-31 09:12:12.015295	2026-03-31 09:12:12.015295	\N
14242	20	25	16	33	66.00	\N	\N	2026-03-31 09:12:12.021286	2026-03-31 09:12:12.021286	\N
14243	20	25	17	34	68.00	\N	\N	2026-03-31 09:12:12.027256	2026-03-31 09:12:12.027256	\N
14244	20	25	18	48	64.00	\N	\N	2026-03-31 09:12:12.033328	2026-03-31 09:12:12.033328	\N
14245	20	25	19	70	70.00	\N	\N	2026-03-31 09:12:12.039664	2026-03-31 09:12:12.039664	\N
14246	20	26	16	33	66.00	\N	\N	2026-03-31 09:12:12.045643	2026-03-31 09:12:12.045643	\N
14247	20	26	17	34	68.00	\N	\N	2026-03-31 09:12:12.051697	2026-03-31 09:12:12.051697	\N
14248	20	26	18	48	64.00	\N	\N	2026-03-31 09:12:12.057271	2026-03-31 09:12:12.057271	\N
14249	20	26	19	71	71.00	\N	\N	2026-03-31 09:12:12.063268	2026-03-31 09:12:12.063268	\N
14250	25	10	16	34	68.00	\N	\N	2026-03-31 09:12:12.069464	2026-03-31 09:12:12.069464	\N
14251	25	10	17	35	70.00	\N	\N	2026-03-31 09:12:12.076423	2026-03-31 09:12:12.076423	\N
14252	25	10	18	48	64.00	\N	\N	2026-03-31 09:12:12.082552	2026-03-31 09:12:12.082552	\N
14253	25	10	19	71	71.00	\N	\N	2026-03-31 09:12:12.089165	2026-03-31 09:12:12.089165	\N
14254	25	25	16	36	72.00	\N	\N	2026-03-31 09:12:12.095522	2026-03-31 09:12:12.095522	\N
14255	25	25	17	37	74.00	\N	\N	2026-03-31 09:12:12.101821	2026-03-31 09:12:12.101821	\N
14256	25	25	18	51	68.00	\N	\N	2026-03-31 09:12:12.108221	2026-03-31 09:12:12.108221	\N
14257	25	25	19	75	75.00	\N	\N	2026-03-31 09:12:12.113528	2026-03-31 09:12:12.113528	\N
14258	25	26	16	33	66.00	\N	\N	2026-03-31 09:12:12.118011	2026-03-31 09:12:12.118011	\N
14259	25	26	17	34	68.00	\N	\N	2026-03-31 09:12:12.122777	2026-03-31 09:12:12.122777	\N
14260	25	26	18	50	66.67	\N	\N	2026-03-31 09:12:12.128001	2026-03-31 09:12:12.128001	\N
14261	25	26	19	76	76.00	\N	\N	2026-03-31 09:12:12.132872	2026-03-31 09:12:12.132872	\N
14262	30	10	16	29	58.00	\N	\N	2026-03-31 09:12:12.138105	2026-03-31 09:12:12.138105	\N
14263	30	10	17	30	60.00	\N	\N	2026-03-31 09:12:12.152519	2026-03-31 09:12:12.152519	\N
14264	30	10	18	45	60.00	\N	\N	2026-03-31 09:12:12.158045	2026-03-31 09:12:12.158045	\N
14265	30	10	19	62	62.00	\N	\N	2026-03-31 09:12:12.162864	2026-03-31 09:12:12.162864	\N
14266	30	25	16	31	62.00	\N	\N	2026-03-31 09:12:12.167377	2026-03-31 09:12:12.167377	\N
14267	30	25	17	32	64.00	\N	\N	2026-03-31 09:12:12.171465	2026-03-31 09:12:12.171465	\N
14268	30	25	18	47	62.67	\N	\N	2026-03-31 09:12:12.1758	2026-03-31 09:12:12.1758	\N
14269	30	25	19	66	66.00	\N	\N	2026-03-31 09:12:12.180342	2026-03-31 09:12:12.180342	\N
14270	30	26	16	31	62.00	\N	\N	2026-03-31 09:12:12.185001	2026-03-31 09:12:12.185001	\N
14271	30	26	17	32	64.00	\N	\N	2026-03-31 09:12:12.188567	2026-03-31 09:12:12.188567	\N
14272	30	26	18	47	62.67	\N	\N	2026-03-31 09:12:12.192676	2026-03-31 09:12:12.192676	\N
14273	30	26	19	67	67.00	\N	\N	2026-03-31 09:12:12.197033	2026-03-31 09:12:12.197033	\N
14274	35	10	16	32	64.00	\N	\N	2026-03-31 09:12:12.201369	2026-03-31 09:12:12.201369	\N
14275	35	10	17	33	66.00	\N	\N	2026-03-31 09:12:12.206056	2026-03-31 09:12:12.206056	\N
14276	35	10	18	47	62.67	\N	\N	2026-03-31 09:12:12.210227	2026-03-31 09:12:12.210227	\N
14277	35	10	19	67	67.00	\N	\N	2026-03-31 09:12:12.214769	2026-03-31 09:12:12.214769	\N
14278	35	25	16	34	68.00	\N	\N	2026-03-31 09:12:12.219469	2026-03-31 09:12:12.219469	\N
14279	35	25	17	35	70.00	\N	\N	2026-03-31 09:12:12.224145	2026-03-31 09:12:12.224145	\N
14280	35	25	18	49	65.33	\N	\N	2026-03-31 09:12:12.228767	2026-03-31 09:12:12.228767	\N
14281	35	25	19	71	71.00	\N	\N	2026-03-31 09:12:12.232869	2026-03-31 09:12:12.232869	\N
14282	35	26	16	31	62.00	\N	\N	2026-03-31 09:12:12.2373	2026-03-31 09:12:12.2373	\N
14283	35	26	17	32	64.00	\N	\N	2026-03-31 09:12:12.241181	2026-03-31 09:12:12.241181	\N
14284	35	26	18	49	65.33	\N	\N	2026-03-31 09:12:12.245434	2026-03-31 09:12:12.245434	\N
14285	35	26	19	72	72.00	\N	\N	2026-03-31 09:12:12.249534	2026-03-31 09:12:12.249534	\N
14286	40	10	16	31	62.00	\N	\N	2026-03-31 09:12:12.25419	2026-03-31 09:12:12.25419	\N
14287	40	10	17	32	64.00	\N	\N	2026-03-31 09:12:12.260276	2026-03-31 09:12:12.260276	\N
14288	40	10	18	50	66.67	\N	\N	2026-03-31 09:12:12.264804	2026-03-31 09:12:12.264804	\N
14289	40	10	19	66	66.00	\N	\N	2026-03-31 09:12:12.270682	2026-03-31 09:12:12.270682	\N
14290	40	25	16	33	66.00	\N	\N	2026-03-31 09:12:12.275099	2026-03-31 09:12:12.275099	\N
14291	40	25	17	34	68.00	\N	\N	2026-03-31 09:12:12.279187	2026-03-31 09:12:12.279187	\N
14292	40	25	18	52	69.33	\N	\N	2026-03-31 09:12:12.283456	2026-03-31 09:12:12.283456	\N
14293	40	25	19	70	70.00	\N	\N	2026-03-31 09:12:12.287899	2026-03-31 09:12:12.287899	\N
14294	40	26	16	33	66.00	\N	\N	2026-03-31 09:12:12.292026	2026-03-31 09:12:12.292026	\N
14295	40	26	17	34	68.00	\N	\N	2026-03-31 09:12:12.296583	2026-03-31 09:12:12.296583	\N
14296	40	26	18	52	69.33	\N	\N	2026-03-31 09:12:12.300699	2026-03-31 09:12:12.300699	\N
14297	40	26	19	71	71.00	\N	\N	2026-03-31 09:12:12.305383	2026-03-31 09:12:12.305383	\N
14298	45	10	16	22	44.00	\N	\N	2026-03-31 09:12:12.310384	2026-03-31 09:12:12.310384	\N
14299	45	10	17	23	46.00	\N	\N	2026-03-31 09:12:12.317751	2026-03-31 09:12:12.317751	\N
14300	45	10	18	28	37.33	\N	\N	2026-03-31 09:12:12.338065	2026-03-31 09:12:12.338065	\N
14301	45	10	19	47	47.00	\N	\N	2026-03-31 09:12:12.347991	2026-03-31 09:12:12.347991	\N
14302	45	25	16	19	38.00	\N	\N	2026-03-31 09:12:12.352966	2026-03-31 09:12:12.352966	\N
14303	45	25	17	16	32.00	\N	\N	2026-03-31 09:12:12.357186	2026-03-31 09:12:12.357186	\N
14304	45	25	18	24	32.00	\N	\N	2026-03-31 09:12:12.362239	2026-03-31 09:12:12.362239	\N
14305	45	25	19	43	43.00	\N	\N	2026-03-31 09:12:12.366559	2026-03-31 09:12:12.366559	\N
14306	45	26	16	16	32.00	\N	\N	2026-03-31 09:12:12.370811	2026-03-31 09:12:12.370811	\N
14307	45	26	17	17	34.00	\N	\N	2026-03-31 09:12:12.375059	2026-03-31 09:12:12.375059	\N
14308	45	26	18	24	32.00	\N	\N	2026-03-31 09:12:12.378846	2026-03-31 09:12:12.378846	\N
14309	45	26	19	35	35.00	\N	\N	2026-03-31 09:12:12.383289	2026-03-31 09:12:12.383289	\N
14310	50	10	16	20	40.00	\N	\N	2026-03-31 09:12:12.387187	2026-03-31 09:12:12.387187	\N
14311	50	10	17	17	34.00	\N	\N	2026-03-31 09:12:12.392753	2026-03-31 09:12:12.392753	\N
14312	50	10	18	32	42.67	\N	\N	2026-03-31 09:12:12.397626	2026-03-31 09:12:12.397626	\N
14313	50	10	19	35	35.00	\N	\N	2026-03-31 09:12:12.401931	2026-03-31 09:12:12.401931	\N
14314	50	25	16	18	36.00	\N	\N	2026-03-31 09:12:12.406241	2026-03-31 09:12:12.406241	\N
14315	50	25	17	23	46.00	\N	\N	2026-03-31 09:12:12.410656	2026-03-31 09:12:12.410656	\N
14316	50	25	18	35	46.67	\N	\N	2026-03-31 09:12:12.414678	2026-03-31 09:12:12.414678	\N
14317	50	25	19	39	39.00	\N	\N	2026-03-31 09:12:12.418668	2026-03-31 09:12:12.418668	\N
14318	50	26	16	18	36.00	\N	\N	2026-03-31 09:12:12.423404	2026-03-31 09:12:12.423404	\N
14319	50	26	17	23	46.00	\N	\N	2026-03-31 09:12:12.427707	2026-03-31 09:12:12.427707	\N
14320	50	26	18	29	38.67	\N	\N	2026-03-31 09:12:12.433403	2026-03-31 09:12:12.433403	\N
14321	50	26	19	48	48.00	\N	\N	2026-03-31 09:12:12.4375	2026-03-31 09:12:12.4375	\N
14322	55	10	16	46	92.00	\N	\N	2026-03-31 09:12:12.441945	2026-03-31 09:12:12.441945	\N
14323	55	10	17	47	94.00	\N	\N	2026-03-31 09:12:12.446551	2026-03-31 09:12:12.446551	\N
14324	55	10	18	66	88.00	\N	\N	2026-03-31 09:12:12.451078	2026-03-31 09:12:12.451078	\N
14325	55	10	19	96	96.00	\N	\N	2026-03-31 09:12:12.455268	2026-03-31 09:12:12.455268	\N
14326	55	25	16	45	90.00	\N	\N	2026-03-31 09:12:12.459321	2026-03-31 09:12:12.459321	\N
14327	55	25	17	46	92.00	\N	\N	2026-03-31 09:12:12.463838	2026-03-31 09:12:12.463838	\N
14328	55	25	18	69	92.00	\N	\N	2026-03-31 09:12:12.468111	2026-03-31 09:12:12.468111	\N
14329	55	25	19	98	98.00	\N	\N	2026-03-31 09:12:12.473064	2026-03-31 09:12:12.473064	\N
14330	55	26	16	41	82.00	\N	\N	2026-03-31 09:12:12.477557	2026-03-31 09:12:12.477557	\N
14331	55	26	17	42	84.00	\N	\N	2026-03-31 09:12:12.482252	2026-03-31 09:12:12.482252	\N
14332	55	26	18	62	82.67	\N	\N	2026-03-31 09:12:12.486655	2026-03-31 09:12:12.486655	\N
14333	55	26	19	87	87.00	\N	\N	2026-03-31 09:12:12.491289	2026-03-31 09:12:12.491289	\N
14334	60	10	16	42	84.00	\N	\N	2026-03-31 09:12:12.495385	2026-03-31 09:12:12.495385	\N
14335	60	10	17	43	86.00	\N	\N	2026-03-31 09:12:12.5008	2026-03-31 09:12:12.5008	\N
14336	60	10	18	63	84.00	\N	\N	2026-03-31 09:12:12.505677	2026-03-31 09:12:12.505677	\N
14337	60	10	19	87	87.00	\N	\N	2026-03-31 09:12:12.510557	2026-03-31 09:12:12.510557	\N
14338	60	25	16	43	86.00	\N	\N	2026-03-31 09:12:12.516477	2026-03-31 09:12:12.516477	\N
14339	60	25	17	44	88.00	\N	\N	2026-03-31 09:12:12.521858	2026-03-31 09:12:12.521858	\N
14340	60	25	18	65	86.67	\N	\N	2026-03-31 09:12:12.527317	2026-03-31 09:12:12.527317	\N
14341	60	25	19	91	91.00	\N	\N	2026-03-31 09:12:12.532768	2026-03-31 09:12:12.532768	\N
14342	60	26	16	44	88.00	\N	\N	2026-03-31 09:12:12.539301	2026-03-31 09:12:12.539301	\N
14343	60	26	17	45	90.00	\N	\N	2026-03-31 09:12:12.545831	2026-03-31 09:12:12.545831	\N
14344	60	26	18	65	86.67	\N	\N	2026-03-31 09:12:12.55793	2026-03-31 09:12:12.55793	\N
14345	60	26	19	92	92.00	\N	\N	2026-03-31 09:12:12.565326	2026-03-31 09:12:12.565326	\N
14346	65	10	16	32	64.00	\N	\N	2026-03-31 09:12:12.573128	2026-03-31 09:12:12.573128	\N
14347	65	10	17	33	66.00	\N	\N	2026-03-31 09:12:12.580647	2026-03-31 09:12:12.580647	\N
14348	65	10	18	47	62.67	\N	\N	2026-03-31 09:12:12.587441	2026-03-31 09:12:12.587441	\N
14349	65	10	19	68	68.00	\N	\N	2026-03-31 09:12:12.594318	2026-03-31 09:12:12.594318	\N
14350	65	25	16	34	68.00	\N	\N	2026-03-31 09:12:12.601745	2026-03-31 09:12:12.601745	\N
14351	65	25	17	35	70.00	\N	\N	2026-03-31 09:12:12.608625	2026-03-31 09:12:12.608625	\N
14352	65	25	18	49	65.33	\N	\N	2026-03-31 09:12:12.61594	2026-03-31 09:12:12.61594	\N
14353	65	25	19	72	72.00	\N	\N	2026-03-31 09:12:12.623062	2026-03-31 09:12:12.623062	\N
14354	65	26	16	31	62.00	\N	\N	2026-03-31 09:12:12.629884	2026-03-31 09:12:12.629884	\N
14355	65	26	17	32	64.00	\N	\N	2026-03-31 09:12:12.63607	2026-03-31 09:12:12.63607	\N
14356	65	26	18	49	65.33	\N	\N	2026-03-31 09:12:12.643285	2026-03-31 09:12:12.643285	\N
14357	65	26	19	72	72.00	\N	\N	2026-03-31 09:12:12.651221	2026-03-31 09:12:12.651221	\N
14358	70	10	16	32	64.00	\N	\N	2026-03-31 09:12:12.658379	2026-03-31 09:12:12.658379	\N
14359	70	10	17	33	66.00	\N	\N	2026-03-31 09:12:12.666674	2026-03-31 09:12:12.666674	\N
14360	70	10	18	50	66.67	\N	\N	2026-03-31 09:12:12.674569	2026-03-31 09:12:12.674569	\N
14361	70	10	19	67	67.00	\N	\N	2026-03-31 09:12:12.679938	2026-03-31 09:12:12.679938	\N
14362	70	25	16	33	66.00	\N	\N	2026-03-31 09:12:12.687315	2026-03-31 09:12:12.687315	\N
14363	70	25	17	34	68.00	\N	\N	2026-03-31 09:12:12.694144	2026-03-31 09:12:12.694144	\N
14364	70	25	18	52	69.33	\N	\N	2026-03-31 09:12:12.700654	2026-03-31 09:12:12.700654	\N
14365	70	25	19	71	71.00	\N	\N	2026-03-31 09:12:12.707206	2026-03-31 09:12:12.707206	\N
14366	70	26	16	34	68.00	\N	\N	2026-03-31 09:12:12.714337	2026-03-31 09:12:12.714337	\N
14367	70	26	17	35	70.00	\N	\N	2026-03-31 09:12:12.720993	2026-03-31 09:12:12.720993	\N
14368	70	26	18	52	69.33	\N	\N	2026-03-31 09:12:12.725641	2026-03-31 09:12:12.725641	\N
14369	70	26	19	71	71.00	\N	\N	2026-03-31 09:12:12.730868	2026-03-31 09:12:12.730868	\N
14370	75	10	16	34	68.00	\N	\N	2026-03-31 09:12:12.737711	2026-03-31 09:12:12.737711	\N
14371	75	10	17	35	70.00	\N	\N	2026-03-31 09:12:12.744693	2026-03-31 09:12:12.744693	\N
14372	75	10	18	52	69.33	\N	\N	2026-03-31 09:12:12.75165	2026-03-31 09:12:12.75165	\N
14373	75	10	19	72	72.00	\N	\N	2026-03-31 09:12:12.75844	2026-03-31 09:12:12.75844	\N
14374	75	25	16	32	64.00	\N	\N	2026-03-31 09:12:12.765832	2026-03-31 09:12:12.765832	\N
14375	75	25	17	33	66.00	\N	\N	2026-03-31 09:12:12.77315	2026-03-31 09:12:12.77315	\N
14376	75	25	18	48	64.00	\N	\N	2026-03-31 09:12:12.780051	2026-03-31 09:12:12.780051	\N
14377	75	25	19	68	68.00	\N	\N	2026-03-31 09:12:12.787181	2026-03-31 09:12:12.787181	\N
14378	75	26	16	29	58.00	\N	\N	2026-03-31 09:12:12.794063	2026-03-31 09:12:12.794063	\N
14379	75	26	17	30	60.00	\N	\N	2026-03-31 09:12:12.801023	2026-03-31 09:12:12.801023	\N
14380	75	26	18	48	64.00	\N	\N	2026-03-31 09:12:12.807854	2026-03-31 09:12:12.807854	\N
14381	75	26	19	68	68.00	\N	\N	2026-03-31 09:12:12.814855	2026-03-31 09:12:12.814855	\N
14382	80	10	16	30	60.00	\N	\N	2026-03-31 09:12:12.82211	2026-03-31 09:12:12.82211	\N
14383	80	10	17	31	62.00	\N	\N	2026-03-31 09:12:12.83028	2026-03-31 09:12:12.83028	\N
14384	80	10	18	49	65.33	\N	\N	2026-03-31 09:12:12.837708	2026-03-31 09:12:12.837708	\N
14385	80	10	19	63	63.00	\N	\N	2026-03-31 09:12:12.844172	2026-03-31 09:12:12.844172	\N
14386	80	25	16	31	62.00	\N	\N	2026-03-31 09:12:12.851303	2026-03-31 09:12:12.851303	\N
14387	80	25	17	32	64.00	\N	\N	2026-03-31 09:12:12.858182	2026-03-31 09:12:12.858182	\N
14388	80	25	18	51	68.00	\N	\N	2026-03-31 09:12:12.865264	2026-03-31 09:12:12.865264	\N
14389	80	25	19	67	67.00	\N	\N	2026-03-31 09:12:12.87234	2026-03-31 09:12:12.87234	\N
14390	80	26	16	32	64.00	\N	\N	2026-03-31 09:12:12.879366	2026-03-31 09:12:12.879366	\N
14391	80	26	17	33	66.00	\N	\N	2026-03-31 09:12:12.885783	2026-03-31 09:12:12.885783	\N
14392	80	26	18	46	61.33	\N	\N	2026-03-31 09:12:12.892781	2026-03-31 09:12:12.892781	\N
14393	80	26	19	67	67.00	\N	\N	2026-03-31 09:12:12.900167	2026-03-31 09:12:12.900167	\N
14394	85	10	16	32	64.00	\N	\N	2026-03-31 09:12:12.907191	2026-03-31 09:12:12.907191	\N
14395	85	10	17	33	66.00	\N	\N	2026-03-31 09:12:12.915336	2026-03-31 09:12:12.915336	\N
14396	85	10	18	46	61.33	\N	\N	2026-03-31 09:12:12.922343	2026-03-31 09:12:12.922343	\N
14397	85	10	19	68	68.00	\N	\N	2026-03-31 09:12:12.929855	2026-03-31 09:12:12.929855	\N
14398	85	25	16	34	68.00	\N	\N	2026-03-31 09:12:12.93716	2026-03-31 09:12:12.93716	\N
14399	85	25	17	35	70.00	\N	\N	2026-03-31 09:12:12.944628	2026-03-31 09:12:12.944628	\N
14400	85	25	18	49	65.33	\N	\N	2026-03-31 09:12:12.951831	2026-03-31 09:12:12.951831	\N
14401	85	25	19	72	72.00	\N	\N	2026-03-31 09:12:12.958777	2026-03-31 09:12:12.958777	\N
14402	85	26	16	34	68.00	\N	\N	2026-03-31 09:12:12.965996	2026-03-31 09:12:12.965996	\N
14403	85	26	17	35	70.00	\N	\N	2026-03-31 09:12:12.977138	2026-03-31 09:12:12.977138	\N
14404	85	26	18	49	65.33	\N	\N	2026-03-31 09:12:12.986024	2026-03-31 09:12:12.986024	\N
14405	85	26	19	72	72.00	\N	\N	2026-03-31 09:12:12.990288	2026-03-31 09:12:12.990288	\N
14406	90	10	16	31	62.00	\N	\N	2026-03-31 09:12:12.994528	2026-03-31 09:12:12.994528	\N
14407	90	10	17	32	64.00	\N	\N	2026-03-31 09:12:13.001261	2026-03-31 09:12:13.001261	\N
14408	90	10	18	49	65.33	\N	\N	2026-03-31 09:12:13.005882	2026-03-31 09:12:13.005882	\N
14409	90	10	19	73	73.00	\N	\N	2026-03-31 09:12:13.01492	2026-03-31 09:12:13.01492	\N
14410	90	25	16	33	66.00	\N	\N	2026-03-31 09:12:13.019802	2026-03-31 09:12:13.019802	\N
14411	90	25	17	34	68.00	\N	\N	2026-03-31 09:12:13.024388	2026-03-31 09:12:13.024388	\N
14412	90	25	18	51	68.00	\N	\N	2026-03-31 09:12:13.029385	2026-03-31 09:12:13.029385	\N
14413	90	25	19	70	70.00	\N	\N	2026-03-31 09:12:13.033114	2026-03-31 09:12:13.033114	\N
14414	90	26	16	34	68.00	\N	\N	2026-03-31 09:12:13.037606	2026-03-31 09:12:13.037606	\N
14415	90	26	17	35	70.00	\N	\N	2026-03-31 09:12:13.042321	2026-03-31 09:12:13.042321	\N
14416	90	26	18	51	68.00	\N	\N	2026-03-31 09:12:13.046728	2026-03-31 09:12:13.046728	\N
14417	90	26	19	71	71.00	\N	\N	2026-03-31 09:12:13.05057	2026-03-31 09:12:13.05057	\N
14418	95	10	16	18	36.00	\N	\N	2026-03-31 09:12:13.054601	2026-03-31 09:12:13.054601	\N
14419	95	10	17	19	38.00	\N	\N	2026-03-31 09:12:13.058999	2026-03-31 09:12:13.058999	\N
14420	95	10	18	27	36.00	\N	\N	2026-03-31 09:12:13.063632	2026-03-31 09:12:13.063632	\N
14421	95	10	19	40	40.00	\N	\N	2026-03-31 09:12:13.068929	2026-03-31 09:12:13.068929	\N
14422	95	25	16	20	40.00	\N	\N	2026-03-31 09:12:13.073673	2026-03-31 09:12:13.073673	\N
14423	95	25	17	21	42.00	\N	\N	2026-03-31 09:12:13.078386	2026-03-31 09:12:13.078386	\N
14424	95	25	18	29	38.67	\N	\N	2026-03-31 09:12:13.085249	2026-03-31 09:12:13.085249	\N
14425	95	25	19	43	43.00	\N	\N	2026-03-31 09:12:13.090446	2026-03-31 09:12:13.090446	\N
14426	95	26	16	20	40.00	\N	\N	2026-03-31 09:12:13.095012	2026-03-31 09:12:13.095012	\N
14427	95	26	17	17	34.00	\N	\N	2026-03-31 09:12:13.100923	2026-03-31 09:12:13.100923	\N
14428	95	26	18	29	38.67	\N	\N	2026-03-31 09:12:13.10521	2026-03-31 09:12:13.10521	\N
14429	95	26	19	44	44.00	\N	\N	2026-03-31 09:12:13.110352	2026-03-31 09:12:13.110352	\N
14430	100	10	16	20	40.00	\N	\N	2026-03-31 09:12:13.115004	2026-03-31 09:12:13.115004	\N
14431	100	10	17	17	34.00	\N	\N	2026-03-31 09:12:13.119773	2026-03-31 09:12:13.119773	\N
14432	100	10	18	26	34.67	\N	\N	2026-03-31 09:12:13.124103	2026-03-31 09:12:13.124103	\N
14433	100	10	19	44	44.00	\N	\N	2026-03-31 09:12:13.129229	2026-03-31 09:12:13.129229	\N
14434	100	25	16	22	44.00	\N	\N	2026-03-31 09:12:13.135732	2026-03-31 09:12:13.135732	\N
14435	100	25	17	19	38.00	\N	\N	2026-03-31 09:12:13.142739	2026-03-31 09:12:13.142739	\N
14436	100	25	18	28	37.33	\N	\N	2026-03-31 09:12:13.150299	2026-03-31 09:12:13.150299	\N
14437	100	25	19	40	40.00	\N	\N	2026-03-31 09:12:13.157436	2026-03-31 09:12:13.157436	\N
14438	100	26	16	18	36.00	\N	\N	2026-03-31 09:12:13.164149	2026-03-31 09:12:13.164149	\N
14439	100	26	17	23	46.00	\N	\N	2026-03-31 09:12:13.171108	2026-03-31 09:12:13.171108	\N
14440	100	26	18	34	45.33	\N	\N	2026-03-31 09:12:13.17818	2026-03-31 09:12:13.17818	\N
14441	100	26	19	40	40.00	\N	\N	2026-03-31 09:12:13.185273	2026-03-31 09:12:13.185273	\N
14442	3	4	16	41	82.00	\N	\N	2026-03-31 09:12:13.19178	2026-03-31 09:12:13.19178	\N
14443	3	4	17	42	84.00	\N	\N	2026-03-31 09:12:13.19958	2026-03-31 09:12:13.19958	\N
14444	3	4	18	61	81.33	\N	\N	2026-03-31 09:12:13.206363	2026-03-31 09:12:13.206363	\N
14445	3	4	19	85	85.00	\N	\N	2026-03-31 09:12:13.213095	2026-03-31 09:12:13.213095	\N
14446	3	5	16	42	84.00	\N	\N	2026-03-31 09:12:13.217214	2026-03-31 09:12:13.217214	\N
14447	3	5	17	43	86.00	\N	\N	2026-03-31 09:12:13.221936	2026-03-31 09:12:13.221936	\N
14448	3	5	18	62	82.67	\N	\N	2026-03-31 09:12:13.229407	2026-03-31 09:12:13.229407	\N
14449	3	5	19	89	89.00	\N	\N	2026-03-31 09:12:13.23639	2026-03-31 09:12:13.23639	\N
14450	3	6	16	42	84.00	\N	\N	2026-03-31 09:12:13.243407	2026-03-31 09:12:13.243407	\N
14451	3	6	17	43	86.00	\N	\N	2026-03-31 09:12:13.250804	2026-03-31 09:12:13.250804	\N
14452	3	6	18	66	88.00	\N	\N	2026-03-31 09:12:13.257627	2026-03-31 09:12:13.257627	\N
14453	3	6	19	94	94.00	\N	\N	2026-03-31 09:12:13.265371	2026-03-31 09:12:13.265371	\N
14454	4	4	16	41	82.00	\N	\N	2026-03-31 09:12:13.272123	2026-03-31 09:12:13.272123	\N
14455	4	4	17	41	82.00	\N	\N	2026-03-31 09:12:13.276613	2026-03-31 09:12:13.276613	\N
14456	4	4	18	63	84.00	\N	\N	2026-03-31 09:12:13.281191	2026-03-31 09:12:13.281191	\N
14457	4	4	19	84	84.00	\N	\N	2026-03-31 09:12:13.286513	2026-03-31 09:12:13.286513	\N
14458	4	5	16	42	84.00	\N	\N	2026-03-31 09:12:13.293569	2026-03-31 09:12:13.293569	\N
14459	4	5	17	43	86.00	\N	\N	2026-03-31 09:12:13.299023	2026-03-31 09:12:13.299023	\N
14460	4	5	18	65	86.67	\N	\N	2026-03-31 09:12:13.303666	2026-03-31 09:12:13.303666	\N
14461	4	5	19	88	88.00	\N	\N	2026-03-31 09:12:13.308406	2026-03-31 09:12:13.308406	\N
14462	4	6	16	45	90.00	\N	\N	2026-03-31 09:12:13.314747	2026-03-31 09:12:13.314747	\N
14463	4	6	17	46	92.00	\N	\N	2026-03-31 09:12:13.3229	2026-03-31 09:12:13.3229	\N
14464	4	6	18	69	92.00	\N	\N	2026-03-31 09:12:13.328565	2026-03-31 09:12:13.328565	\N
14465	4	6	19	93	93.00	\N	\N	2026-03-31 09:12:13.333216	2026-03-31 09:12:13.333216	\N
14466	8	4	16	30	60.00	\N	\N	2026-03-31 09:12:13.337639	2026-03-31 09:12:13.337639	\N
14467	8	4	17	31	62.00	\N	\N	2026-03-31 09:12:13.342467	2026-03-31 09:12:13.342467	\N
14468	8	4	18	47	62.67	\N	\N	2026-03-31 09:12:13.346616	2026-03-31 09:12:13.346616	\N
14469	8	4	19	65	65.00	\N	\N	2026-03-31 09:12:13.352394	2026-03-31 09:12:13.352394	\N
14470	8	5	16	28	56.00	\N	\N	2026-03-31 09:12:13.357749	2026-03-31 09:12:13.357749	\N
14471	8	5	17	29	58.00	\N	\N	2026-03-31 09:12:13.361655	2026-03-31 09:12:13.361655	\N
14472	8	5	18	43	57.33	\N	\N	2026-03-31 09:12:13.365781	2026-03-31 09:12:13.365781	\N
14473	8	5	19	61	61.00	\N	\N	2026-03-31 09:12:13.370003	2026-03-31 09:12:13.370003	\N
14474	8	6	16	28	56.00	\N	\N	2026-03-31 09:12:13.37414	2026-03-31 09:12:13.37414	\N
14475	8	6	17	29	58.00	\N	\N	2026-03-31 09:12:13.377876	2026-03-31 09:12:13.377876	\N
14476	8	6	18	47	62.67	\N	\N	2026-03-31 09:12:13.383011	2026-03-31 09:12:13.383011	\N
14477	8	6	19	66	66.00	\N	\N	2026-03-31 09:12:13.387965	2026-03-31 09:12:13.387965	\N
14478	9	4	16	26	52.00	\N	\N	2026-03-31 09:12:13.392839	2026-03-31 09:12:13.392839	\N
14479	9	4	17	27	54.00	\N	\N	2026-03-31 09:12:13.396861	2026-03-31 09:12:13.396861	\N
14480	9	4	18	39	52.00	\N	\N	2026-03-31 09:12:13.400911	2026-03-31 09:12:13.400911	\N
14481	9	4	19	62	62.00	\N	\N	2026-03-31 09:12:13.405407	2026-03-31 09:12:13.405407	\N
14482	9	5	16	28	56.00	\N	\N	2026-03-31 09:12:13.409117	2026-03-31 09:12:13.409117	\N
14483	9	5	17	29	58.00	\N	\N	2026-03-31 09:12:13.413912	2026-03-31 09:12:13.413912	\N
14484	9	5	18	41	54.67	\N	\N	2026-03-31 09:12:13.417886	2026-03-31 09:12:13.417886	\N
14485	9	5	19	59	59.00	\N	\N	2026-03-31 09:12:13.422141	2026-03-31 09:12:13.422141	\N
14486	9	6	16	31	62.00	\N	\N	2026-03-31 09:12:13.426743	2026-03-31 09:12:13.426743	\N
14487	9	6	17	32	64.00	\N	\N	2026-03-31 09:12:13.430804	2026-03-31 09:12:13.430804	\N
14488	9	6	18	45	60.00	\N	\N	2026-03-31 09:12:13.435375	2026-03-31 09:12:13.435375	\N
14489	9	6	19	65	65.00	\N	\N	2026-03-31 09:12:13.440141	2026-03-31 09:12:13.440141	\N
14490	13	4	16	28	56.00	\N	\N	2026-03-31 09:12:13.444714	2026-03-31 09:12:13.444714	\N
14491	13	4	17	29	58.00	\N	\N	2026-03-31 09:12:13.449319	2026-03-31 09:12:13.449319	\N
14492	13	4	18	42	56.00	\N	\N	2026-03-31 09:12:13.453123	2026-03-31 09:12:13.453123	\N
14493	13	4	19	61	61.00	\N	\N	2026-03-31 09:12:13.457839	2026-03-31 09:12:13.457839	\N
14494	13	5	16	30	60.00	\N	\N	2026-03-31 09:12:13.461758	2026-03-31 09:12:13.461758	\N
14495	13	5	17	31	62.00	\N	\N	2026-03-31 09:12:13.466181	2026-03-31 09:12:13.466181	\N
14496	13	5	18	44	58.67	\N	\N	2026-03-31 09:12:13.470323	2026-03-31 09:12:13.470323	\N
14497	13	5	19	64	64.00	\N	\N	2026-03-31 09:12:13.474606	2026-03-31 09:12:13.474606	\N
14498	13	6	16	33	66.00	\N	\N	2026-03-31 09:12:13.47907	2026-03-31 09:12:13.47907	\N
14499	13	6	17	34	68.00	\N	\N	2026-03-31 09:12:13.484407	2026-03-31 09:12:13.484407	\N
14500	13	6	18	47	62.67	\N	\N	2026-03-31 09:12:13.488551	2026-03-31 09:12:13.488551	\N
14501	13	6	19	70	70.00	\N	\N	2026-03-31 09:12:13.492459	2026-03-31 09:12:13.492459	\N
14502	14	4	16	28	56.00	\N	\N	2026-03-31 09:12:13.496509	2026-03-31 09:12:13.496509	\N
14503	14	4	17	29	58.00	\N	\N	2026-03-31 09:12:13.501115	2026-03-31 09:12:13.501115	\N
14504	14	4	18	44	58.67	\N	\N	2026-03-31 09:12:13.505897	2026-03-31 09:12:13.505897	\N
14505	14	4	19	66	66.00	\N	\N	2026-03-31 09:12:13.511136	2026-03-31 09:12:13.511136	\N
14506	14	5	16	30	60.00	\N	\N	2026-03-31 09:12:13.516174	2026-03-31 09:12:13.516174	\N
14507	14	5	17	31	62.00	\N	\N	2026-03-31 09:12:13.524385	2026-03-31 09:12:13.524385	\N
14508	14	5	18	46	61.33	\N	\N	2026-03-31 09:12:13.528482	2026-03-31 09:12:13.528482	\N
14509	14	5	19	63	63.00	\N	\N	2026-03-31 09:12:13.533845	2026-03-31 09:12:13.533845	\N
14510	14	6	16	33	66.00	\N	\N	2026-03-31 09:12:13.53801	2026-03-31 09:12:13.53801	\N
14511	14	6	17	34	68.00	\N	\N	2026-03-31 09:12:13.542739	2026-03-31 09:12:13.542739	\N
14512	14	6	18	50	66.67	\N	\N	2026-03-31 09:12:13.546436	2026-03-31 09:12:13.546436	\N
14513	14	6	19	69	69.00	\N	\N	2026-03-31 09:12:13.550779	2026-03-31 09:12:13.550779	\N
14514	18	4	16	26	52.00	\N	\N	2026-03-31 09:12:13.555717	2026-03-31 09:12:13.555717	\N
14515	18	4	17	27	54.00	\N	\N	2026-03-31 09:12:13.560647	2026-03-31 09:12:13.560647	\N
14516	18	4	18	40	53.33	\N	\N	2026-03-31 09:12:13.564509	2026-03-31 09:12:13.564509	\N
14517	18	4	19	57	57.00	\N	\N	2026-03-31 09:12:13.568664	2026-03-31 09:12:13.568664	\N
14518	18	5	16	28	56.00	\N	\N	2026-03-31 09:12:13.572859	2026-03-31 09:12:13.572859	\N
14519	18	5	17	29	58.00	\N	\N	2026-03-31 09:12:13.576976	2026-03-31 09:12:13.576976	\N
14520	18	5	18	43	57.33	\N	\N	2026-03-31 09:12:13.582073	2026-03-31 09:12:13.582073	\N
14521	18	5	19	60	60.00	\N	\N	2026-03-31 09:12:13.586196	2026-03-31 09:12:13.586196	\N
14522	18	6	16	31	62.00	\N	\N	2026-03-31 09:12:13.590567	2026-03-31 09:12:13.590567	\N
14523	18	6	17	32	64.00	\N	\N	2026-03-31 09:12:13.595087	2026-03-31 09:12:13.595087	\N
14524	18	6	18	46	61.33	\N	\N	2026-03-31 09:12:13.599567	2026-03-31 09:12:13.599567	\N
14525	18	6	19	66	66.00	\N	\N	2026-03-31 09:12:13.60397	2026-03-31 09:12:13.60397	\N
14526	19	4	16	29	58.00	\N	\N	2026-03-31 09:12:13.608767	2026-03-31 09:12:13.608767	\N
14527	19	4	17	30	60.00	\N	\N	2026-03-31 09:12:13.61317	2026-03-31 09:12:13.61317	\N
14528	19	4	18	43	57.33	\N	\N	2026-03-31 09:12:13.618185	2026-03-31 09:12:13.618185	\N
14529	19	4	19	62	62.00	\N	\N	2026-03-31 09:12:13.622607	2026-03-31 09:12:13.622607	\N
14530	19	5	16	28	56.00	\N	\N	2026-03-31 09:12:13.627104	2026-03-31 09:12:13.627104	\N
14531	19	5	17	29	58.00	\N	\N	2026-03-31 09:12:13.631646	2026-03-31 09:12:13.631646	\N
14532	19	5	18	45	60.00	\N	\N	2026-03-31 09:12:13.636734	2026-03-31 09:12:13.636734	\N
14533	19	5	19	65	65.00	\N	\N	2026-03-31 09:12:13.642464	2026-03-31 09:12:13.642464	\N
14534	19	6	16	30	60.00	\N	\N	2026-03-31 09:12:13.647422	2026-03-31 09:12:13.647422	\N
14535	19	6	17	31	62.00	\N	\N	2026-03-31 09:12:13.652233	2026-03-31 09:12:13.652233	\N
14536	19	6	18	49	65.33	\N	\N	2026-03-31 09:12:13.657307	2026-03-31 09:12:13.657307	\N
14537	19	6	19	65	65.00	\N	\N	2026-03-31 09:12:13.662474	2026-03-31 09:12:13.662474	\N
14538	23	4	16	12	24.00	\N	\N	2026-03-31 09:12:13.667443	2026-03-31 09:12:13.667443	\N
14539	23	4	17	17	34.00	\N	\N	2026-03-31 09:12:13.673184	2026-03-31 09:12:13.673184	\N
14540	23	4	18	27	36.00	\N	\N	2026-03-31 09:12:13.678948	2026-03-31 09:12:13.678948	\N
14541	23	4	19	36	36.00	\N	\N	2026-03-31 09:12:13.684203	2026-03-31 09:12:13.684203	\N
14542	23	5	16	18	36.00	\N	\N	2026-03-31 09:12:13.689618	2026-03-31 09:12:13.689618	\N
14543	23	5	17	19	38.00	\N	\N	2026-03-31 09:12:13.695066	2026-03-31 09:12:13.695066	\N
14544	23	5	18	29	38.67	\N	\N	2026-03-31 09:12:13.700505	2026-03-31 09:12:13.700505	\N
14545	23	5	19	40	40.00	\N	\N	2026-03-31 09:12:13.705964	2026-03-31 09:12:13.705964	\N
14546	23	6	16	21	42.00	\N	\N	2026-03-31 09:12:13.711183	2026-03-31 09:12:13.711183	\N
14547	23	6	17	22	44.00	\N	\N	2026-03-31 09:12:13.71671	2026-03-31 09:12:13.71671	\N
14548	23	6	18	33	44.00	\N	\N	2026-03-31 09:12:13.723943	2026-03-31 09:12:13.723943	\N
14549	23	6	19	46	46.00	\N	\N	2026-03-31 09:12:13.730041	2026-03-31 09:12:13.730041	\N
14550	24	4	16	14	28.00	\N	\N	2026-03-31 09:12:13.735695	2026-03-31 09:12:13.735695	\N
14551	24	4	17	15	30.00	\N	\N	2026-03-31 09:12:13.741175	2026-03-31 09:12:13.741175	\N
14552	24	4	18	26	34.67	\N	\N	2026-03-31 09:12:13.746884	2026-03-31 09:12:13.746884	\N
14553	24	4	19	33	33.00	\N	\N	2026-03-31 09:12:13.755145	2026-03-31 09:12:13.755145	\N
14554	24	5	16	16	32.00	\N	\N	2026-03-31 09:12:13.761037	2026-03-31 09:12:13.761037	\N
14555	24	5	17	13	26.00	\N	\N	2026-03-31 09:12:13.767583	2026-03-31 09:12:13.767583	\N
14556	24	5	18	23	30.67	\N	\N	2026-03-31 09:12:13.77269	2026-03-31 09:12:13.77269	\N
14557	24	5	19	36	36.00	\N	\N	2026-03-31 09:12:13.777666	2026-03-31 09:12:13.777666	\N
14558	24	6	16	19	38.00	\N	\N	2026-03-31 09:12:13.782272	2026-03-31 09:12:13.782272	\N
14559	24	6	17	16	32.00	\N	\N	2026-03-31 09:12:13.786563	2026-03-31 09:12:13.786563	\N
14560	24	6	18	27	36.00	\N	\N	2026-03-31 09:12:13.791418	2026-03-31 09:12:13.791418	\N
14561	24	6	19	34	34.00	\N	\N	2026-03-31 09:12:13.796191	2026-03-31 09:12:13.796191	\N
14562	28	4	16	41	82.00	\N	\N	2026-03-31 09:12:13.80109	2026-03-31 09:12:13.80109	\N
14563	28	4	17	42	84.00	\N	\N	2026-03-31 09:12:13.806356	2026-03-31 09:12:13.806356	\N
14564	28	4	18	61	81.33	\N	\N	2026-03-31 09:12:13.811647	2026-03-31 09:12:13.811647	\N
14565	28	4	19	86	86.00	\N	\N	2026-03-31 09:12:13.817216	2026-03-31 09:12:13.817216	\N
14566	28	5	16	43	86.00	\N	\N	2026-03-31 09:12:13.823049	2026-03-31 09:12:13.823049	\N
14567	28	5	17	44	88.00	\N	\N	2026-03-31 09:12:13.83033	2026-03-31 09:12:13.83033	\N
14568	28	5	18	62	82.67	\N	\N	2026-03-31 09:12:13.835139	2026-03-31 09:12:13.835139	\N
14569	28	5	19	89	89.00	\N	\N	2026-03-31 09:12:13.839516	2026-03-31 09:12:13.839516	\N
14570	28	6	16	42	84.00	\N	\N	2026-03-31 09:12:13.845379	2026-03-31 09:12:13.845379	\N
14571	28	6	17	44	88.00	\N	\N	2026-03-31 09:12:13.850172	2026-03-31 09:12:13.850172	\N
14572	28	6	18	65	86.67	\N	\N	2026-03-31 09:12:13.855083	2026-03-31 09:12:13.855083	\N
14573	28	6	19	95	95.00	\N	\N	2026-03-31 09:12:13.860439	2026-03-31 09:12:13.860439	\N
14574	29	4	16	41	82.00	\N	\N	2026-03-31 09:12:13.86547	2026-03-31 09:12:13.86547	\N
14575	29	4	17	41	82.00	\N	\N	2026-03-31 09:12:13.870809	2026-03-31 09:12:13.870809	\N
14576	29	4	18	62	82.67	\N	\N	2026-03-31 09:12:13.876114	2026-03-31 09:12:13.876114	\N
14577	29	4	19	91	91.00	\N	\N	2026-03-31 09:12:13.881937	2026-03-31 09:12:13.881937	\N
14578	29	5	16	42	84.00	\N	\N	2026-03-31 09:12:13.888246	2026-03-31 09:12:13.888246	\N
14579	29	5	17	43	86.00	\N	\N	2026-03-31 09:12:13.894039	2026-03-31 09:12:13.894039	\N
14580	29	5	18	64	85.33	\N	\N	2026-03-31 09:12:13.899414	2026-03-31 09:12:13.899414	\N
14581	29	5	19	88	88.00	\N	\N	2026-03-31 09:12:13.905169	2026-03-31 09:12:13.905169	\N
14582	29	6	16	41	82.00	\N	\N	2026-03-31 09:12:13.910744	2026-03-31 09:12:13.910744	\N
14583	29	6	17	42	84.00	\N	\N	2026-03-31 09:12:13.91631	2026-03-31 09:12:13.91631	\N
14584	29	6	18	62	82.67	\N	\N	2026-03-31 09:12:13.922321	2026-03-31 09:12:13.922321	\N
14585	29	6	19	86	86.00	\N	\N	2026-03-31 09:12:13.92823	2026-03-31 09:12:13.92823	\N
14586	33	4	16	27	54.00	\N	\N	2026-03-31 09:12:13.933841	2026-03-31 09:12:13.933841	\N
14587	33	4	17	28	56.00	\N	\N	2026-03-31 09:12:13.939242	2026-03-31 09:12:13.939242	\N
14588	33	4	18	40	53.33	\N	\N	2026-03-31 09:12:13.944562	2026-03-31 09:12:13.944562	\N
14589	33	4	19	58	58.00	\N	\N	2026-03-31 09:12:13.95002	2026-03-31 09:12:13.95002	\N
14590	33	5	16	29	58.00	\N	\N	2026-03-31 09:12:13.955806	2026-03-31 09:12:13.955806	\N
14591	33	5	17	30	60.00	\N	\N	2026-03-31 09:12:13.961501	2026-03-31 09:12:13.961501	\N
14592	33	5	18	43	57.33	\N	\N	2026-03-31 09:12:13.9668	2026-03-31 09:12:13.9668	\N
14593	33	5	19	61	61.00	\N	\N	2026-03-31 09:12:13.972493	2026-03-31 09:12:13.972493	\N
14594	33	6	16	31	62.00	\N	\N	2026-03-31 09:12:13.978401	2026-03-31 09:12:13.978401	\N
14595	33	6	17	32	64.00	\N	\N	2026-03-31 09:12:13.985371	2026-03-31 09:12:13.985371	\N
14596	33	6	18	46	61.33	\N	\N	2026-03-31 09:12:13.991289	2026-03-31 09:12:13.991289	\N
14597	33	6	19	67	67.00	\N	\N	2026-03-31 09:12:13.997101	2026-03-31 09:12:13.997101	\N
14598	34	4	16	26	52.00	\N	\N	2026-03-31 09:12:14.002804	2026-03-31 09:12:14.002804	\N
14599	34	4	17	27	54.00	\N	\N	2026-03-31 09:12:14.008229	2026-03-31 09:12:14.008229	\N
14600	34	4	18	43	57.33	\N	\N	2026-03-31 09:12:14.013734	2026-03-31 09:12:14.013734	\N
14601	34	4	19	62	62.00	\N	\N	2026-03-31 09:12:14.019394	2026-03-31 09:12:14.019394	\N
14602	34	5	16	28	56.00	\N	\N	2026-03-31 09:12:14.024857	2026-03-31 09:12:14.024857	\N
14603	34	5	17	29	58.00	\N	\N	2026-03-31 09:12:14.030535	2026-03-31 09:12:14.030535	\N
14604	34	5	18	45	60.00	\N	\N	2026-03-31 09:12:14.037295	2026-03-31 09:12:14.037295	\N
14605	34	5	19	60	60.00	\N	\N	2026-03-31 09:12:14.043035	2026-03-31 09:12:14.043035	\N
14606	34	6	16	31	62.00	\N	\N	2026-03-31 09:12:14.048342	2026-03-31 09:12:14.048342	\N
14607	34	6	17	32	64.00	\N	\N	2026-03-31 09:12:14.053717	2026-03-31 09:12:14.053717	\N
14608	34	6	18	49	65.33	\N	\N	2026-03-31 09:12:14.059244	2026-03-31 09:12:14.059244	\N
14609	34	6	19	66	66.00	\N	\N	2026-03-31 09:12:14.066577	2026-03-31 09:12:14.066577	\N
14610	38	4	16	29	58.00	\N	\N	2026-03-31 09:12:14.072482	2026-03-31 09:12:14.072482	\N
14611	38	4	17	30	60.00	\N	\N	2026-03-31 09:12:14.080057	2026-03-31 09:12:14.080057	\N
14612	38	4	18	45	60.00	\N	\N	2026-03-31 09:12:14.086187	2026-03-31 09:12:14.086187	\N
14613	38	4	19	61	61.00	\N	\N	2026-03-31 09:12:14.093215	2026-03-31 09:12:14.093215	\N
14614	38	5	16	31	62.00	\N	\N	2026-03-31 09:12:14.098943	2026-03-31 09:12:14.098943	\N
14615	38	5	17	32	64.00	\N	\N	2026-03-31 09:12:14.104682	2026-03-31 09:12:14.104682	\N
14616	38	5	18	47	62.67	\N	\N	2026-03-31 09:12:14.111277	2026-03-31 09:12:14.111277	\N
14617	38	5	19	65	65.00	\N	\N	2026-03-31 09:12:14.118045	2026-03-31 09:12:14.118045	\N
14618	38	6	16	33	66.00	\N	\N	2026-03-31 09:12:14.124554	2026-03-31 09:12:14.124554	\N
14619	38	6	17	34	68.00	\N	\N	2026-03-31 09:12:14.128333	2026-03-31 09:12:14.128333	\N
14620	38	6	18	51	68.00	\N	\N	2026-03-31 09:12:14.133325	2026-03-31 09:12:14.133325	\N
14621	38	6	19	71	71.00	\N	\N	2026-03-31 09:12:14.139791	2026-03-31 09:12:14.139791	\N
14622	39	4	16	31	62.00	\N	\N	2026-03-31 09:12:14.14396	2026-03-31 09:12:14.14396	\N
14623	39	4	17	32	64.00	\N	\N	2026-03-31 09:12:14.148435	2026-03-31 09:12:14.148435	\N
14624	39	4	18	48	64.00	\N	\N	2026-03-31 09:12:14.155123	2026-03-31 09:12:14.155123	\N
14625	39	4	19	66	66.00	\N	\N	2026-03-31 09:12:14.162959	2026-03-31 09:12:14.162959	\N
14626	39	5	16	26	52.00	\N	\N	2026-03-31 09:12:14.169441	2026-03-31 09:12:14.169441	\N
14627	39	5	17	27	54.00	\N	\N	2026-03-31 09:12:14.176315	2026-03-31 09:12:14.176315	\N
14628	39	5	18	39	52.00	\N	\N	2026-03-31 09:12:14.182876	2026-03-31 09:12:14.182876	\N
14629	39	5	19	62	62.00	\N	\N	2026-03-31 09:12:14.189967	2026-03-31 09:12:14.189967	\N
14630	39	6	16	29	58.00	\N	\N	2026-03-31 09:12:14.196407	2026-03-31 09:12:14.196407	\N
14631	39	6	17	30	60.00	\N	\N	2026-03-31 09:12:14.203193	2026-03-31 09:12:14.203193	\N
14632	39	6	18	43	57.33	\N	\N	2026-03-31 09:12:14.207044	2026-03-31 09:12:14.207044	\N
14633	39	6	19	62	62.00	\N	\N	2026-03-31 09:12:14.21147	2026-03-31 09:12:14.21147	\N
14634	43	4	16	27	54.00	\N	\N	2026-03-31 09:12:14.217704	2026-03-31 09:12:14.217704	\N
14635	43	4	17	28	56.00	\N	\N	2026-03-31 09:12:14.224405	2026-03-31 09:12:14.224405	\N
14636	43	4	18	40	53.33	\N	\N	2026-03-31 09:12:14.231759	2026-03-31 09:12:14.231759	\N
14637	43	4	19	57	57.00	\N	\N	2026-03-31 09:12:14.236119	2026-03-31 09:12:14.236119	\N
14638	43	5	16	28	56.00	\N	\N	2026-03-31 09:12:14.241094	2026-03-31 09:12:14.241094	\N
14639	43	5	17	29	58.00	\N	\N	2026-03-31 09:12:14.248423	2026-03-31 09:12:14.248423	\N
14640	43	5	18	42	56.00	\N	\N	2026-03-31 09:12:14.255909	2026-03-31 09:12:14.255909	\N
14641	43	5	19	61	61.00	\N	\N	2026-03-31 09:12:14.262792	2026-03-31 09:12:14.262792	\N
14642	43	6	16	31	62.00	\N	\N	2026-03-31 09:12:14.269435	2026-03-31 09:12:14.269435	\N
14643	43	6	17	32	64.00	\N	\N	2026-03-31 09:12:14.276785	2026-03-31 09:12:14.276785	\N
14644	43	6	18	45	60.00	\N	\N	2026-03-31 09:12:14.283536	2026-03-31 09:12:14.283536	\N
14645	43	6	19	67	67.00	\N	\N	2026-03-31 09:12:14.29016	2026-03-31 09:12:14.29016	\N
14646	44	4	16	29	58.00	\N	\N	2026-03-31 09:12:14.297174	2026-03-31 09:12:14.297174	\N
14647	44	4	17	30	60.00	\N	\N	2026-03-31 09:12:14.30385	2026-03-31 09:12:14.30385	\N
14648	44	4	18	42	56.00	\N	\N	2026-03-31 09:12:14.310398	2026-03-31 09:12:14.310398	\N
14649	44	4	19	62	62.00	\N	\N	2026-03-31 09:12:14.317581	2026-03-31 09:12:14.317581	\N
14650	44	5	16	28	56.00	\N	\N	2026-03-31 09:12:14.32435	2026-03-31 09:12:14.32435	\N
14651	44	5	17	29	58.00	\N	\N	2026-03-31 09:12:14.331468	2026-03-31 09:12:14.331468	\N
14652	44	5	18	44	58.67	\N	\N	2026-03-31 09:12:14.335469	2026-03-31 09:12:14.335469	\N
14653	44	5	19	66	66.00	\N	\N	2026-03-31 09:12:14.341004	2026-03-31 09:12:14.341004	\N
14654	44	6	16	31	62.00	\N	\N	2026-03-31 09:12:14.348286	2026-03-31 09:12:14.348286	\N
14655	44	6	17	32	64.00	\N	\N	2026-03-31 09:12:14.354863	2026-03-31 09:12:14.354863	\N
14656	44	6	18	48	64.00	\N	\N	2026-03-31 09:12:14.361508	2026-03-31 09:12:14.361508	\N
14657	44	6	19	65	65.00	\N	\N	2026-03-31 09:12:14.368602	2026-03-31 09:12:14.368602	\N
14658	48	4	16	13	26.00	\N	\N	2026-03-31 09:12:14.374883	2026-03-31 09:12:14.374883	\N
14659	48	4	17	14	28.00	\N	\N	2026-03-31 09:12:14.379282	2026-03-31 09:12:14.379282	\N
14660	48	4	18	20	26.67	\N	\N	2026-03-31 09:12:14.383521	2026-03-31 09:12:14.383521	\N
14661	48	4	19	29	29.00	\N	\N	2026-03-31 09:12:14.39014	2026-03-31 09:12:14.39014	\N
14662	48	5	16	14	28.00	\N	\N	2026-03-31 09:12:14.398356	2026-03-31 09:12:14.398356	\N
14663	48	5	17	19	38.00	\N	\N	2026-03-31 09:12:14.404535	2026-03-31 09:12:14.404535	\N
14664	48	5	18	23	30.67	\N	\N	2026-03-31 09:12:14.408935	2026-03-31 09:12:14.408935	\N
14665	48	5	19	41	41.00	\N	\N	2026-03-31 09:12:14.413696	2026-03-31 09:12:14.413696	\N
14666	48	6	16	21	42.00	\N	\N	2026-03-31 09:12:14.419375	2026-03-31 09:12:14.419375	\N
14667	48	6	17	22	44.00	\N	\N	2026-03-31 09:12:14.425061	2026-03-31 09:12:14.425061	\N
14668	48	6	18	26	34.67	\N	\N	2026-03-31 09:12:14.432134	2026-03-31 09:12:14.432134	\N
14669	48	6	19	46	46.00	\N	\N	2026-03-31 09:12:14.439084	2026-03-31 09:12:14.439084	\N
14670	49	4	16	15	30.00	\N	\N	2026-03-31 09:12:14.446071	2026-03-31 09:12:14.446071	\N
14671	49	4	17	16	32.00	\N	\N	2026-03-31 09:12:14.449914	2026-03-31 09:12:14.449914	\N
14672	49	4	18	25	33.33	\N	\N	2026-03-31 09:12:14.454993	2026-03-31 09:12:14.454993	\N
14673	49	4	19	39	39.00	\N	\N	2026-03-31 09:12:14.461547	2026-03-31 09:12:14.461547	\N
14674	49	5	16	17	34.00	\N	\N	2026-03-31 09:12:14.46843	2026-03-31 09:12:14.46843	\N
14675	49	5	17	18	36.00	\N	\N	2026-03-31 09:12:14.475094	2026-03-31 09:12:14.475094	\N
14676	49	5	18	27	36.00	\N	\N	2026-03-31 09:12:14.481909	2026-03-31 09:12:14.481909	\N
14677	49	5	19	37	37.00	\N	\N	2026-03-31 09:12:14.4883	2026-03-31 09:12:14.4883	\N
14678	49	6	16	19	38.00	\N	\N	2026-03-31 09:12:14.492828	2026-03-31 09:12:14.492828	\N
14679	49	6	17	16	32.00	\N	\N	2026-03-31 09:12:14.497178	2026-03-31 09:12:14.497178	\N
14680	49	6	18	31	41.33	\N	\N	2026-03-31 09:12:14.504368	2026-03-31 09:12:14.504368	\N
14681	49	6	19	43	43.00	\N	\N	2026-03-31 09:12:14.511374	2026-03-31 09:12:14.511374	\N
14682	53	4	16	41	82.00	\N	\N	2026-03-31 09:12:14.518981	2026-03-31 09:12:14.518981	\N
14683	53	4	17	42	84.00	\N	\N	2026-03-31 09:12:14.526	2026-03-31 09:12:14.526	\N
14684	53	4	18	63	84.00	\N	\N	2026-03-31 09:12:14.533132	2026-03-31 09:12:14.533132	\N
14685	53	4	19	86	86.00	\N	\N	2026-03-31 09:12:14.539985	2026-03-31 09:12:14.539985	\N
14686	53	5	16	43	86.00	\N	\N	2026-03-31 09:12:14.54784	2026-03-31 09:12:14.54784	\N
14687	53	5	17	44	88.00	\N	\N	2026-03-31 09:12:14.555318	2026-03-31 09:12:14.555318	\N
14688	53	5	18	65	86.67	\N	\N	2026-03-31 09:12:14.562386	2026-03-31 09:12:14.562386	\N
14689	53	5	19	90	90.00	\N	\N	2026-03-31 09:12:14.569304	2026-03-31 09:12:14.569304	\N
14690	53	6	16	46	92.00	\N	\N	2026-03-31 09:12:14.576225	2026-03-31 09:12:14.576225	\N
14691	53	6	17	47	94.00	\N	\N	2026-03-31 09:12:14.583126	2026-03-31 09:12:14.583126	\N
14692	53	6	18	69	92.00	\N	\N	2026-03-31 09:12:14.589769	2026-03-31 09:12:14.589769	\N
14693	53	6	19	96	96.00	\N	\N	2026-03-31 09:12:14.596852	2026-03-31 09:12:14.596852	\N
14694	54	4	16	41	82.00	\N	\N	2026-03-31 09:12:14.603981	2026-03-31 09:12:14.603981	\N
14695	54	4	17	42	84.00	\N	\N	2026-03-31 09:12:14.60842	2026-03-31 09:12:14.60842	\N
14696	54	4	18	66	88.00	\N	\N	2026-03-31 09:12:14.613109	2026-03-31 09:12:14.613109	\N
14697	54	4	19	91	91.00	\N	\N	2026-03-31 09:12:14.618087	2026-03-31 09:12:14.618087	\N
14698	54	5	16	41	82.00	\N	\N	2026-03-31 09:12:14.625265	2026-03-31 09:12:14.625265	\N
14699	54	5	17	41	82.00	\N	\N	2026-03-31 09:12:14.629155	2026-03-31 09:12:14.629155	\N
14700	54	5	18	62	82.67	\N	\N	2026-03-31 09:12:14.633588	2026-03-31 09:12:14.633588	\N
14701	54	5	19	81	81.00	\N	\N	2026-03-31 09:12:14.638939	2026-03-31 09:12:14.638939	\N
14702	54	6	16	41	82.00	\N	\N	2026-03-31 09:12:14.645675	2026-03-31 09:12:14.645675	\N
14703	54	6	17	42	84.00	\N	\N	2026-03-31 09:12:14.649834	2026-03-31 09:12:14.649834	\N
14704	54	6	18	65	86.67	\N	\N	2026-03-31 09:12:14.654701	2026-03-31 09:12:14.654701	\N
14705	54	6	19	86	86.00	\N	\N	2026-03-31 09:12:14.659467	2026-03-31 09:12:14.659467	\N
14706	58	4	16	27	54.00	\N	\N	2026-03-31 09:12:14.66467	2026-03-31 09:12:14.66467	\N
14707	58	4	17	28	56.00	\N	\N	2026-03-31 09:12:14.669277	2026-03-31 09:12:14.669277	\N
14708	58	4	18	40	53.33	\N	\N	2026-03-31 09:12:14.674091	2026-03-31 09:12:14.674091	\N
14709	58	4	19	58	58.00	\N	\N	2026-03-31 09:12:14.679245	2026-03-31 09:12:14.679245	\N
14710	58	5	16	29	58.00	\N	\N	2026-03-31 09:12:14.683538	2026-03-31 09:12:14.683538	\N
14711	58	5	17	30	60.00	\N	\N	2026-03-31 09:12:14.687319	2026-03-31 09:12:14.687319	\N
14712	58	5	18	42	56.00	\N	\N	2026-03-31 09:12:14.691181	2026-03-31 09:12:14.691181	\N
14713	58	5	19	62	62.00	\N	\N	2026-03-31 09:12:14.695146	2026-03-31 09:12:14.695146	\N
14714	58	6	16	32	64.00	\N	\N	2026-03-31 09:12:14.69902	2026-03-31 09:12:14.69902	\N
14715	58	6	17	33	66.00	\N	\N	2026-03-31 09:12:14.703166	2026-03-31 09:12:14.703166	\N
14716	58	6	18	45	60.00	\N	\N	2026-03-31 09:12:14.706898	2026-03-31 09:12:14.706898	\N
14717	58	6	19	67	67.00	\N	\N	2026-03-31 09:12:14.711064	2026-03-31 09:12:14.711064	\N
14718	59	4	16	30	60.00	\N	\N	2026-03-31 09:12:14.715043	2026-03-31 09:12:14.715043	\N
14719	59	4	17	31	62.00	\N	\N	2026-03-31 09:12:14.719562	2026-03-31 09:12:14.719562	\N
14720	59	4	18	42	56.00	\N	\N	2026-03-31 09:12:14.723829	2026-03-31 09:12:14.723829	\N
14721	59	4	19	63	63.00	\N	\N	2026-03-31 09:12:14.728554	2026-03-31 09:12:14.728554	\N
14722	59	5	16	28	56.00	\N	\N	2026-03-31 09:12:14.733055	2026-03-31 09:12:14.733055	\N
14723	59	5	17	29	58.00	\N	\N	2026-03-31 09:12:14.736872	2026-03-31 09:12:14.736872	\N
14724	59	5	18	44	58.67	\N	\N	2026-03-31 09:12:14.740867	2026-03-31 09:12:14.740867	\N
14725	59	5	19	67	67.00	\N	\N	2026-03-31 09:12:14.744883	2026-03-31 09:12:14.744883	\N
14726	59	6	16	31	62.00	\N	\N	2026-03-31 09:12:14.749123	2026-03-31 09:12:14.749123	\N
14727	59	6	17	32	64.00	\N	\N	2026-03-31 09:12:14.753108	2026-03-31 09:12:14.753108	\N
14728	59	6	18	48	64.00	\N	\N	2026-03-31 09:12:14.75798	2026-03-31 09:12:14.75798	\N
14729	59	6	19	66	66.00	\N	\N	2026-03-31 09:12:14.762999	2026-03-31 09:12:14.762999	\N
14730	63	4	16	29	58.00	\N	\N	2026-03-31 09:12:14.767416	2026-03-31 09:12:14.767416	\N
14731	63	4	17	30	60.00	\N	\N	2026-03-31 09:12:14.771557	2026-03-31 09:12:14.771557	\N
14732	63	4	18	44	58.67	\N	\N	2026-03-31 09:12:14.77719	2026-03-31 09:12:14.77719	\N
14733	63	4	19	62	62.00	\N	\N	2026-03-31 09:12:14.781515	2026-03-31 09:12:14.781515	\N
14734	63	5	16	31	62.00	\N	\N	2026-03-31 09:12:14.785842	2026-03-31 09:12:14.785842	\N
14735	63	5	17	32	64.00	\N	\N	2026-03-31 09:12:14.78991	2026-03-31 09:12:14.78991	\N
14736	63	5	18	47	62.67	\N	\N	2026-03-31 09:12:14.794226	2026-03-31 09:12:14.794226	\N
14737	63	5	19	66	66.00	\N	\N	2026-03-31 09:12:14.798363	2026-03-31 09:12:14.798363	\N
14738	63	6	16	34	68.00	\N	\N	2026-03-31 09:12:14.802785	2026-03-31 09:12:14.802785	\N
14739	63	6	17	35	70.00	\N	\N	2026-03-31 09:12:14.807376	2026-03-31 09:12:14.807376	\N
14740	63	6	18	50	66.67	\N	\N	2026-03-31 09:12:14.811586	2026-03-31 09:12:14.811586	\N
14741	63	6	19	71	71.00	\N	\N	2026-03-31 09:12:14.816016	2026-03-31 09:12:14.816016	\N
14742	64	4	16	27	54.00	\N	\N	2026-03-31 09:12:14.820019	2026-03-31 09:12:14.820019	\N
14743	64	4	17	28	56.00	\N	\N	2026-03-31 09:12:14.824433	2026-03-31 09:12:14.824433	\N
14744	64	4	18	41	54.67	\N	\N	2026-03-31 09:12:14.828917	2026-03-31 09:12:14.828917	\N
14745	64	4	19	59	59.00	\N	\N	2026-03-31 09:12:14.834046	2026-03-31 09:12:14.834046	\N
14746	64	5	16	26	52.00	\N	\N	2026-03-31 09:12:14.838394	2026-03-31 09:12:14.838394	\N
14747	64	5	17	27	54.00	\N	\N	2026-03-31 09:12:14.843329	2026-03-31 09:12:14.843329	\N
14748	64	5	18	43	57.33	\N	\N	2026-03-31 09:12:14.846993	2026-03-31 09:12:14.846993	\N
14749	64	5	19	63	63.00	\N	\N	2026-03-31 09:12:14.852741	2026-03-31 09:12:14.852741	\N
14750	64	6	16	29	58.00	\N	\N	2026-03-31 09:12:14.857088	2026-03-31 09:12:14.857088	\N
14751	64	6	17	30	60.00	\N	\N	2026-03-31 09:12:14.861433	2026-03-31 09:12:14.861433	\N
14752	64	6	18	47	62.67	\N	\N	2026-03-31 09:12:14.865582	2026-03-31 09:12:14.865582	\N
14753	64	6	19	68	68.00	\N	\N	2026-03-31 09:12:14.870911	2026-03-31 09:12:14.870911	\N
14754	68	4	16	27	54.00	\N	\N	2026-03-31 09:12:14.874647	2026-03-31 09:12:14.874647	\N
14755	68	4	17	28	56.00	\N	\N	2026-03-31 09:12:14.878776	2026-03-31 09:12:14.878776	\N
14756	68	4	18	43	57.33	\N	\N	2026-03-31 09:12:14.882621	2026-03-31 09:12:14.882621	\N
14757	68	4	19	58	58.00	\N	\N	2026-03-31 09:12:14.887032	2026-03-31 09:12:14.887032	\N
14758	68	5	16	29	58.00	\N	\N	2026-03-31 09:12:14.891778	2026-03-31 09:12:14.891778	\N
14759	68	5	17	30	60.00	\N	\N	2026-03-31 09:12:14.89587	2026-03-31 09:12:14.89587	\N
14760	68	5	18	45	60.00	\N	\N	2026-03-31 09:12:14.899954	2026-03-31 09:12:14.899954	\N
14761	68	5	19	61	61.00	\N	\N	2026-03-31 09:12:14.904078	2026-03-31 09:12:14.904078	\N
14762	68	6	16	32	64.00	\N	\N	2026-03-31 09:12:14.908421	2026-03-31 09:12:14.908421	\N
14763	68	6	17	33	66.00	\N	\N	2026-03-31 09:12:14.913175	2026-03-31 09:12:14.913175	\N
14764	68	6	18	49	65.33	\N	\N	2026-03-31 09:12:14.91785	2026-03-31 09:12:14.91785	\N
14765	68	6	19	67	67.00	\N	\N	2026-03-31 09:12:14.924053	2026-03-31 09:12:14.924053	\N
14766	69	4	16	29	58.00	\N	\N	2026-03-31 09:12:14.928809	2026-03-31 09:12:14.928809	\N
14767	69	4	17	30	60.00	\N	\N	2026-03-31 09:12:14.933131	2026-03-31 09:12:14.933131	\N
14768	69	4	18	46	61.33	\N	\N	2026-03-31 09:12:14.937524	2026-03-31 09:12:14.937524	\N
14769	69	4	19	63	63.00	\N	\N	2026-03-31 09:12:14.942689	2026-03-31 09:12:14.942689	\N
14770	69	5	16	31	62.00	\N	\N	2026-03-31 09:12:14.947586	2026-03-31 09:12:14.947586	\N
14771	69	5	17	32	64.00	\N	\N	2026-03-31 09:12:14.951757	2026-03-31 09:12:14.951757	\N
14772	69	5	18	48	64.00	\N	\N	2026-03-31 09:12:14.95826	2026-03-31 09:12:14.95826	\N
14773	69	5	19	66	66.00	\N	\N	2026-03-31 09:12:14.962682	2026-03-31 09:12:14.962682	\N
14774	69	6	16	31	62.00	\N	\N	2026-03-31 09:12:14.967687	2026-03-31 09:12:14.967687	\N
14775	69	6	17	32	64.00	\N	\N	2026-03-31 09:12:14.972341	2026-03-31 09:12:14.972341	\N
14776	69	6	18	47	62.67	\N	\N	2026-03-31 09:12:14.977309	2026-03-31 09:12:14.977309	\N
14777	69	6	19	72	72.00	\N	\N	2026-03-31 09:12:14.981768	2026-03-31 09:12:14.981768	\N
14778	73	4	16	17	34.00	\N	\N	2026-03-31 09:12:14.986457	2026-03-31 09:12:14.986457	\N
14779	73	4	17	14	28.00	\N	\N	2026-03-31 09:12:14.991755	2026-03-31 09:12:14.991755	\N
14780	73	4	18	26	34.67	\N	\N	2026-03-31 09:12:14.996898	2026-03-31 09:12:14.996898	\N
14781	73	4	19	30	30.00	\N	\N	2026-03-31 09:12:15.001975	2026-03-31 09:12:15.001975	\N
14782	73	5	16	11	22.00	\N	\N	2026-03-31 09:12:15.007372	2026-03-31 09:12:15.007372	\N
14783	73	5	17	12	24.00	\N	\N	2026-03-31 09:12:15.012584	2026-03-31 09:12:15.012584	\N
14784	73	5	18	22	29.33	\N	\N	2026-03-31 09:12:15.017842	2026-03-31 09:12:15.017842	\N
14785	73	5	19	25	25.00	\N	\N	2026-03-31 09:12:15.022827	2026-03-31 09:12:15.022827	\N
14786	73	6	16	14	28.00	\N	\N	2026-03-31 09:12:15.028076	2026-03-31 09:12:15.028076	\N
14787	73	6	17	19	38.00	\N	\N	2026-03-31 09:12:15.033357	2026-03-31 09:12:15.033357	\N
14788	73	6	18	25	33.33	\N	\N	2026-03-31 09:12:15.038635	2026-03-31 09:12:15.038635	\N
14789	73	6	19	31	31.00	\N	\N	2026-03-31 09:12:15.04299	2026-03-31 09:12:15.04299	\N
14790	74	4	16	11	22.00	\N	\N	2026-03-31 09:12:15.047744	2026-03-31 09:12:15.047744	\N
14791	74	4	17	16	32.00	\N	\N	2026-03-31 09:12:15.052924	2026-03-31 09:12:15.052924	\N
14792	74	4	18	18	24.00	\N	\N	2026-03-31 09:12:15.058105	2026-03-31 09:12:15.058105	\N
14793	74	4	19	32	32.00	\N	\N	2026-03-31 09:12:15.062876	2026-03-31 09:12:15.062876	\N
14794	74	5	16	13	26.00	\N	\N	2026-03-31 09:12:15.178013	2026-03-31 09:12:15.178013	\N
14795	74	5	17	18	36.00	\N	\N	2026-03-31 09:12:15.183909	2026-03-31 09:12:15.183909	\N
14796	74	5	18	20	26.67	\N	\N	2026-03-31 09:12:15.18822	2026-03-31 09:12:15.18822	\N
14797	74	5	19	38	38.00	\N	\N	2026-03-31 09:12:15.194245	2026-03-31 09:12:15.194245	\N
14798	74	6	16	20	40.00	\N	\N	2026-03-31 09:12:15.198565	2026-03-31 09:12:15.198565	\N
14799	74	6	17	21	42.00	\N	\N	2026-03-31 09:12:15.202706	2026-03-31 09:12:15.202706	\N
14800	74	6	18	24	32.00	\N	\N	2026-03-31 09:12:15.20684	2026-03-31 09:12:15.20684	\N
14801	74	6	19	43	43.00	\N	\N	2026-03-31 09:12:15.210792	2026-03-31 09:12:15.210792	\N
14802	78	4	16	41	82.00	\N	\N	2026-03-31 09:12:15.214902	2026-03-31 09:12:15.214902	\N
14803	78	4	17	42	84.00	\N	\N	2026-03-31 09:12:15.218611	2026-03-31 09:12:15.218611	\N
14804	78	4	18	62	82.67	\N	\N	2026-03-31 09:12:15.222339	2026-03-31 09:12:15.222339	\N
14805	78	4	19	87	87.00	\N	\N	2026-03-31 09:12:15.229378	2026-03-31 09:12:15.229378	\N
14806	78	5	16	43	86.00	\N	\N	2026-03-31 09:12:15.233971	2026-03-31 09:12:15.233971	\N
14807	78	5	17	44	88.00	\N	\N	2026-03-31 09:12:15.242256	2026-03-31 09:12:15.242256	\N
14808	78	5	18	64	85.33	\N	\N	2026-03-31 09:12:15.249481	2026-03-31 09:12:15.249481	\N
14809	78	5	19	90	90.00	\N	\N	2026-03-31 09:12:15.25701	2026-03-31 09:12:15.25701	\N
14810	78	6	16	42	84.00	\N	\N	2026-03-31 09:12:15.263747	2026-03-31 09:12:15.263747	\N
14811	78	6	17	43	86.00	\N	\N	2026-03-31 09:12:15.270441	2026-03-31 09:12:15.270441	\N
14812	78	6	18	62	82.67	\N	\N	2026-03-31 09:12:15.277116	2026-03-31 09:12:15.277116	\N
14813	78	6	19	88	88.00	\N	\N	2026-03-31 09:12:15.283553	2026-03-31 09:12:15.283553	\N
14814	79	4	16	41	82.00	\N	\N	2026-03-31 09:12:15.290319	2026-03-31 09:12:15.290319	\N
14815	79	4	17	41	82.00	\N	\N	2026-03-31 09:12:15.295841	2026-03-31 09:12:15.295841	\N
14816	79	4	18	61	81.33	\N	\N	2026-03-31 09:12:15.299937	2026-03-31 09:12:15.299937	\N
14817	79	4	19	85	85.00	\N	\N	2026-03-31 09:12:15.305872	2026-03-31 09:12:15.305872	\N
14818	79	5	16	41	82.00	\N	\N	2026-03-31 09:12:15.312753	2026-03-31 09:12:15.312753	\N
14819	79	5	17	41	82.00	\N	\N	2026-03-31 09:12:15.319335	2026-03-31 09:12:15.319335	\N
14820	79	5	18	61	81.33	\N	\N	2026-03-31 09:12:15.325827	2026-03-31 09:12:15.325827	\N
14821	79	5	19	87	87.00	\N	\N	2026-03-31 09:12:15.333063	2026-03-31 09:12:15.333063	\N
14822	79	6	16	42	84.00	\N	\N	2026-03-31 09:12:15.339674	2026-03-31 09:12:15.339674	\N
14823	79	6	17	43	86.00	\N	\N	2026-03-31 09:12:15.344041	2026-03-31 09:12:15.344041	\N
14824	79	6	18	65	86.67	\N	\N	2026-03-31 09:12:15.349409	2026-03-31 09:12:15.349409	\N
14825	79	6	19	87	87.00	\N	\N	2026-03-31 09:12:15.356163	2026-03-31 09:12:15.356163	\N
14826	83	4	16	27	54.00	\N	\N	2026-03-31 09:12:15.362588	2026-03-31 09:12:15.362588	\N
14827	83	4	17	28	56.00	\N	\N	2026-03-31 09:12:15.368882	2026-03-31 09:12:15.368882	\N
14828	83	4	18	43	57.33	\N	\N	2026-03-31 09:12:15.372758	2026-03-31 09:12:15.372758	\N
14829	83	4	19	59	59.00	\N	\N	2026-03-31 09:12:15.377284	2026-03-31 09:12:15.377284	\N
14830	83	5	16	29	58.00	\N	\N	2026-03-31 09:12:15.384517	2026-03-31 09:12:15.384517	\N
14831	83	5	17	30	60.00	\N	\N	2026-03-31 09:12:15.391525	2026-03-31 09:12:15.391525	\N
14832	83	5	18	45	60.00	\N	\N	2026-03-31 09:12:15.398155	2026-03-31 09:12:15.398155	\N
14833	83	5	19	62	62.00	\N	\N	2026-03-31 09:12:15.404875	2026-03-31 09:12:15.404875	\N
14834	83	6	16	32	64.00	\N	\N	2026-03-31 09:12:15.411957	2026-03-31 09:12:15.411957	\N
14835	83	6	17	33	66.00	\N	\N	2026-03-31 09:12:15.418588	2026-03-31 09:12:15.418588	\N
14836	83	6	18	49	65.33	\N	\N	2026-03-31 09:12:15.425372	2026-03-31 09:12:15.425372	\N
14837	83	6	19	68	68.00	\N	\N	2026-03-31 09:12:15.432343	2026-03-31 09:12:15.432343	\N
14838	84	4	16	30	60.00	\N	\N	2026-03-31 09:12:15.436376	2026-03-31 09:12:15.436376	\N
14839	84	4	17	31	62.00	\N	\N	2026-03-31 09:12:15.440739	2026-03-31 09:12:15.440739	\N
14840	84	4	18	46	61.33	\N	\N	2026-03-31 09:12:15.448144	2026-03-31 09:12:15.448144	\N
14841	84	4	19	64	64.00	\N	\N	2026-03-31 09:12:15.454929	2026-03-31 09:12:15.454929	\N
14842	84	5	16	29	58.00	\N	\N	2026-03-31 09:12:15.461825	2026-03-31 09:12:15.461825	\N
14843	84	5	17	30	60.00	\N	\N	2026-03-31 09:12:15.468642	2026-03-31 09:12:15.468642	\N
14844	84	5	18	48	64.00	\N	\N	2026-03-31 09:12:15.476043	2026-03-31 09:12:15.476043	\N
14845	84	5	19	67	67.00	\N	\N	2026-03-31 09:12:15.484922	2026-03-31 09:12:15.484922	\N
14846	84	6	16	31	62.00	\N	\N	2026-03-31 09:12:15.491875	2026-03-31 09:12:15.491875	\N
14847	84	6	17	32	64.00	\N	\N	2026-03-31 09:12:15.498342	2026-03-31 09:12:15.498342	\N
14848	84	6	18	51	68.00	\N	\N	2026-03-31 09:12:15.504503	2026-03-31 09:12:15.504503	\N
14849	84	6	19	73	73.00	\N	\N	2026-03-31 09:12:15.511274	2026-03-31 09:12:15.511274	\N
14850	88	4	16	29	58.00	\N	\N	2026-03-31 09:12:15.518431	2026-03-31 09:12:15.518431	\N
14851	88	4	17	30	60.00	\N	\N	2026-03-31 09:12:15.525271	2026-03-31 09:12:15.525271	\N
14852	88	4	18	44	58.67	\N	\N	2026-03-31 09:12:15.532651	2026-03-31 09:12:15.532651	\N
14853	88	4	19	63	63.00	\N	\N	2026-03-31 09:12:15.539329	2026-03-31 09:12:15.539329	\N
14854	88	5	16	27	54.00	\N	\N	2026-03-31 09:12:15.547121	2026-03-31 09:12:15.547121	\N
14855	88	5	17	28	56.00	\N	\N	2026-03-31 09:12:15.551469	2026-03-31 09:12:15.551469	\N
14856	88	5	18	40	53.33	\N	\N	2026-03-31 09:12:15.555995	2026-03-31 09:12:15.555995	\N
14857	88	5	19	58	58.00	\N	\N	2026-03-31 09:12:15.562618	2026-03-31 09:12:15.562618	\N
14858	88	6	16	30	60.00	\N	\N	2026-03-31 09:12:15.57031	2026-03-31 09:12:15.57031	\N
14859	88	6	17	31	62.00	\N	\N	2026-03-31 09:12:15.576807	2026-03-31 09:12:15.576807	\N
14860	88	6	18	43	57.33	\N	\N	2026-03-31 09:12:15.58419	2026-03-31 09:12:15.58419	\N
14861	88	6	19	64	64.00	\N	\N	2026-03-31 09:12:15.590957	2026-03-31 09:12:15.590957	\N
14862	89	4	16	28	56.00	\N	\N	2026-03-31 09:12:15.598038	2026-03-31 09:12:15.598038	\N
14863	89	4	17	29	58.00	\N	\N	2026-03-31 09:12:15.604556	2026-03-31 09:12:15.604556	\N
14864	89	4	18	40	53.33	\N	\N	2026-03-31 09:12:15.60956	2026-03-31 09:12:15.60956	\N
14865	89	4	19	59	59.00	\N	\N	2026-03-31 09:12:15.613869	2026-03-31 09:12:15.613869	\N
14866	89	5	16	30	60.00	\N	\N	2026-03-31 09:12:15.619236	2026-03-31 09:12:15.619236	\N
14867	89	5	17	31	62.00	\N	\N	2026-03-31 09:12:15.626397	2026-03-31 09:12:15.626397	\N
14868	89	5	18	42	56.00	\N	\N	2026-03-31 09:12:15.633292	2026-03-31 09:12:15.633292	\N
14869	89	5	19	63	63.00	\N	\N	2026-03-31 09:12:15.639914	2026-03-31 09:12:15.639914	\N
14870	89	6	16	29	58.00	\N	\N	2026-03-31 09:12:15.646698	2026-03-31 09:12:15.646698	\N
14871	89	6	17	30	60.00	\N	\N	2026-03-31 09:12:15.651039	2026-03-31 09:12:15.651039	\N
14872	89	6	18	46	61.33	\N	\N	2026-03-31 09:12:15.655229	2026-03-31 09:12:15.655229	\N
14873	89	6	19	69	69.00	\N	\N	2026-03-31 09:12:15.661999	2026-03-31 09:12:15.661999	\N
14874	93	4	16	27	54.00	\N	\N	2026-03-31 09:12:15.668858	2026-03-31 09:12:15.668858	\N
14875	93	4	17	28	56.00	\N	\N	2026-03-31 09:12:15.676946	2026-03-31 09:12:15.676946	\N
14876	93	4	18	42	56.00	\N	\N	2026-03-31 09:12:15.684753	2026-03-31 09:12:15.684753	\N
14877	93	4	19	58	58.00	\N	\N	2026-03-31 09:12:15.691171	2026-03-31 09:12:15.691171	\N
14878	93	5	16	29	58.00	\N	\N	2026-03-31 09:12:15.698533	2026-03-31 09:12:15.698533	\N
14879	93	5	17	30	60.00	\N	\N	2026-03-31 09:12:15.705143	2026-03-31 09:12:15.705143	\N
14880	93	5	18	45	60.00	\N	\N	2026-03-31 09:12:15.711756	2026-03-31 09:12:15.711756	\N
14881	93	5	19	62	62.00	\N	\N	2026-03-31 09:12:15.718402	2026-03-31 09:12:15.718402	\N
14882	93	6	16	32	64.00	\N	\N	2026-03-31 09:12:15.725066	2026-03-31 09:12:15.725066	\N
14883	93	6	17	33	66.00	\N	\N	2026-03-31 09:12:15.732527	2026-03-31 09:12:15.732527	\N
14884	93	6	18	48	64.00	\N	\N	2026-03-31 09:12:15.73926	2026-03-31 09:12:15.73926	\N
14885	93	6	19	68	68.00	\N	\N	2026-03-31 09:12:15.746655	2026-03-31 09:12:15.746655	\N
14886	94	4	16	30	60.00	\N	\N	2026-03-31 09:12:15.75203	2026-03-31 09:12:15.75203	\N
14887	94	4	17	31	62.00	\N	\N	2026-03-31 09:12:15.756483	2026-03-31 09:12:15.756483	\N
14888	94	4	18	45	60.00	\N	\N	2026-03-31 09:12:15.762985	2026-03-31 09:12:15.762985	\N
14889	94	4	19	63	63.00	\N	\N	2026-03-31 09:12:15.76959	2026-03-31 09:12:15.76959	\N
14890	94	5	16	32	64.00	\N	\N	2026-03-31 09:12:15.776631	2026-03-31 09:12:15.776631	\N
14891	94	5	17	33	66.00	\N	\N	2026-03-31 09:12:15.783629	2026-03-31 09:12:15.783629	\N
14892	94	5	18	47	62.67	\N	\N	2026-03-31 09:12:15.790612	2026-03-31 09:12:15.790612	\N
14893	94	5	19	67	67.00	\N	\N	2026-03-31 09:12:15.798239	2026-03-31 09:12:15.798239	\N
14894	94	6	16	34	68.00	\N	\N	2026-03-31 09:12:15.805036	2026-03-31 09:12:15.805036	\N
14895	94	6	17	35	70.00	\N	\N	2026-03-31 09:12:15.811578	2026-03-31 09:12:15.811578	\N
14896	94	6	18	51	68.00	\N	\N	2026-03-31 09:12:15.818743	2026-03-31 09:12:15.818743	\N
14897	94	6	19	73	73.00	\N	\N	2026-03-31 09:12:15.82576	2026-03-31 09:12:15.82576	\N
14898	98	4	16	13	26.00	\N	\N	2026-03-31 09:12:15.831595	2026-03-31 09:12:15.831595	\N
14899	98	4	17	14	28.00	\N	\N	2026-03-31 09:12:15.838669	2026-03-31 09:12:15.838669	\N
14900	98	4	18	23	30.67	\N	\N	2026-03-31 09:12:15.845721	2026-03-31 09:12:15.845721	\N
14901	98	4	19	36	36.00	\N	\N	2026-03-31 09:12:15.850083	2026-03-31 09:12:15.850083	\N
14902	98	5	16	15	30.00	\N	\N	2026-03-31 09:12:15.854146	2026-03-31 09:12:15.854146	\N
14903	98	5	17	12	24.00	\N	\N	2026-03-31 09:12:15.861145	2026-03-31 09:12:15.861145	\N
14904	98	5	18	19	25.33	\N	\N	2026-03-31 09:12:15.865517	2026-03-31 09:12:15.865517	\N
14905	98	5	19	26	26.00	\N	\N	2026-03-31 09:12:15.869548	2026-03-31 09:12:15.869548	\N
14906	98	6	16	14	28.00	\N	\N	2026-03-31 09:12:15.875415	2026-03-31 09:12:15.875415	\N
14907	98	6	17	15	30.00	\N	\N	2026-03-31 09:12:15.879327	2026-03-31 09:12:15.879327	\N
14908	98	6	18	23	30.67	\N	\N	2026-03-31 09:12:15.884084	2026-03-31 09:12:15.884084	\N
14909	98	6	19	32	32.00	\N	\N	2026-03-31 09:12:15.89004	2026-03-31 09:12:15.89004	\N
14910	99	4	16	14	28.00	\N	\N	2026-03-31 09:12:15.896932	2026-03-31 09:12:15.896932	\N
14911	99	4	17	15	30.00	\N	\N	2026-03-31 09:12:15.903889	2026-03-31 09:12:15.903889	\N
14912	99	4	18	28	37.33	\N	\N	2026-03-31 09:12:15.91051	2026-03-31 09:12:15.91051	\N
14913	99	4	19	33	33.00	\N	\N	2026-03-31 09:12:15.914939	2026-03-31 09:12:15.914939	\N
14914	99	5	16	13	26.00	\N	\N	2026-03-31 09:12:15.918965	2026-03-31 09:12:15.918965	\N
14915	99	5	17	18	36.00	\N	\N	2026-03-31 09:12:15.925324	2026-03-31 09:12:15.925324	\N
14916	99	5	18	30	40.00	\N	\N	2026-03-31 09:12:15.932056	2026-03-31 09:12:15.932056	\N
14917	99	5	19	36	36.00	\N	\N	2026-03-31 09:12:15.939589	2026-03-31 09:12:15.939589	\N
14918	99	6	16	16	32.00	\N	\N	2026-03-31 09:12:15.943832	2026-03-31 09:12:15.943832	\N
14919	99	6	17	21	42.00	\N	\N	2026-03-31 09:12:15.948395	2026-03-31 09:12:15.948395	\N
14920	99	6	18	33	44.00	\N	\N	2026-03-31 09:12:15.953455	2026-03-31 09:12:15.953455	\N
14921	99	6	19	44	44.00	\N	\N	2026-03-31 09:12:15.95874	2026-03-31 09:12:15.95874	\N
14922	1	1	16	41	82.00	\N	\N	2026-03-31 09:12:15.964148	2026-03-31 09:12:15.964148	\N
14923	1	1	17	41	82.00	\N	\N	2026-03-31 09:12:15.968548	2026-03-31 09:12:15.968548	\N
14924	1	1	18	61	81.33	\N	\N	2026-03-31 09:12:15.973366	2026-03-31 09:12:15.973366	\N
14925	1	1	19	83	83.00	\N	\N	2026-03-31 09:12:15.977587	2026-03-31 09:12:15.977587	\N
14926	1	2	16	41	82.00	\N	\N	2026-03-31 09:12:15.98161	2026-03-31 09:12:15.98161	\N
14927	1	2	17	41	82.00	\N	\N	2026-03-31 09:12:15.985777	2026-03-31 09:12:15.985777	\N
14928	1	2	18	61	81.33	\N	\N	2026-03-31 09:12:15.989545	2026-03-31 09:12:15.989545	\N
14929	1	2	19	84	84.00	\N	\N	2026-03-31 09:12:15.99348	2026-03-31 09:12:15.99348	\N
14930	1	3	16	41	82.00	\N	\N	2026-03-31 09:12:15.99763	2026-03-31 09:12:15.99763	\N
14931	1	3	17	41	82.00	\N	\N	2026-03-31 09:12:16.002595	2026-03-31 09:12:16.002595	\N
14932	1	3	18	61	81.33	\N	\N	2026-03-31 09:12:16.006738	2026-03-31 09:12:16.006738	\N
14933	1	3	19	85	85.00	\N	\N	2026-03-31 09:12:16.010774	2026-03-31 09:12:16.010774	\N
14934	2	1	16	41	82.00	\N	\N	2026-03-31 09:12:16.014873	2026-03-31 09:12:16.014873	\N
14935	2	1	17	41	82.00	\N	\N	2026-03-31 09:12:16.018817	2026-03-31 09:12:16.018817	\N
14936	2	1	18	61	81.33	\N	\N	2026-03-31 09:12:16.023752	2026-03-31 09:12:16.023752	\N
14937	2	1	19	85	85.00	\N	\N	2026-03-31 09:12:16.027643	2026-03-31 09:12:16.027643	\N
14938	2	2	16	41	82.00	\N	\N	2026-03-31 09:12:16.032061	2026-03-31 09:12:16.032061	\N
14939	2	2	17	41	82.00	\N	\N	2026-03-31 09:12:16.036507	2026-03-31 09:12:16.036507	\N
14940	2	2	18	61	81.33	\N	\N	2026-03-31 09:12:16.041054	2026-03-31 09:12:16.041054	\N
14941	2	2	19	81	81.00	\N	\N	2026-03-31 09:12:16.045508	2026-03-31 09:12:16.045508	\N
14942	2	3	16	41	82.00	\N	\N	2026-03-31 09:12:16.05008	2026-03-31 09:12:16.05008	\N
14943	2	3	17	41	82.00	\N	\N	2026-03-31 09:12:16.054688	2026-03-31 09:12:16.054688	\N
14944	2	3	18	62	82.67	\N	\N	2026-03-31 09:12:16.059215	2026-03-31 09:12:16.059215	\N
14945	2	3	19	84	84.00	\N	\N	2026-03-31 09:12:16.063578	2026-03-31 09:12:16.063578	\N
14946	6	1	16	28	56.00	\N	\N	2026-03-31 09:12:16.06848	2026-03-31 09:12:16.06848	\N
14947	6	1	17	29	58.00	\N	\N	2026-03-31 09:12:16.072954	2026-03-31 09:12:16.072954	\N
14948	6	1	18	45	60.00	\N	\N	2026-03-31 09:12:16.077831	2026-03-31 09:12:16.077831	\N
14949	6	1	19	60	60.00	\N	\N	2026-03-31 09:12:16.082205	2026-03-31 09:12:16.082205	\N
14950	6	2	16	28	56.00	\N	\N	2026-03-31 09:12:16.086416	2026-03-31 09:12:16.086416	\N
14951	6	2	17	29	58.00	\N	\N	2026-03-31 09:12:16.090884	2026-03-31 09:12:16.090884	\N
14952	6	2	18	44	58.67	\N	\N	2026-03-31 09:12:16.096053	2026-03-31 09:12:16.096053	\N
14953	6	2	19	60	60.00	\N	\N	2026-03-31 09:12:16.100569	2026-03-31 09:12:16.100569	\N
14954	6	3	16	30	60.00	\N	\N	2026-03-31 09:12:16.105835	2026-03-31 09:12:16.105835	\N
14955	6	3	17	31	62.00	\N	\N	2026-03-31 09:12:16.110583	2026-03-31 09:12:16.110583	\N
14956	6	3	18	47	62.67	\N	\N	2026-03-31 09:12:16.115594	2026-03-31 09:12:16.115594	\N
14957	6	3	19	64	64.00	\N	\N	2026-03-31 09:12:16.120312	2026-03-31 09:12:16.120312	\N
14958	7	1	16	31	62.00	\N	\N	2026-03-31 09:12:16.125375	2026-03-31 09:12:16.125375	\N
14959	7	1	17	32	64.00	\N	\N	2026-03-31 09:12:16.130413	2026-03-31 09:12:16.130413	\N
14960	7	1	18	43	57.33	\N	\N	2026-03-31 09:12:16.135111	2026-03-31 09:12:16.135111	\N
14961	7	1	19	65	65.00	\N	\N	2026-03-31 09:12:16.140615	2026-03-31 09:12:16.140615	\N
14962	7	2	16	25	50.00	\N	\N	2026-03-31 09:12:16.145221	2026-03-31 09:12:16.145221	\N
14963	7	2	17	25	50.00	\N	\N	2026-03-31 09:12:16.150108	2026-03-31 09:12:16.150108	\N
14964	7	2	18	38	50.67	\N	\N	2026-03-31 09:12:16.155364	2026-03-31 09:12:16.155364	\N
14965	7	2	19	57	57.00	\N	\N	2026-03-31 09:12:16.160089	2026-03-31 09:12:16.160089	\N
14966	7	3	16	26	52.00	\N	\N	2026-03-31 09:12:16.165103	2026-03-31 09:12:16.165103	\N
14967	7	3	17	27	54.00	\N	\N	2026-03-31 09:12:16.170001	2026-03-31 09:12:16.170001	\N
14968	7	3	18	39	52.00	\N	\N	2026-03-31 09:12:16.174816	2026-03-31 09:12:16.174816	\N
14969	7	3	19	55	55.00	\N	\N	2026-03-31 09:12:16.179561	2026-03-31 09:12:16.179561	\N
14970	11	1	16	26	52.00	\N	\N	2026-03-31 09:12:16.185592	2026-03-31 09:12:16.185592	\N
14971	11	1	17	27	54.00	\N	\N	2026-03-31 09:12:16.194161	2026-03-31 09:12:16.194161	\N
14972	11	1	18	39	52.00	\N	\N	2026-03-31 09:12:16.199771	2026-03-31 09:12:16.199771	\N
14973	11	1	19	56	56.00	\N	\N	2026-03-31 09:12:16.205088	2026-03-31 09:12:16.205088	\N
14974	11	2	16	26	52.00	\N	\N	2026-03-31 09:12:16.209742	2026-03-31 09:12:16.209742	\N
14975	11	2	17	27	54.00	\N	\N	2026-03-31 09:12:16.214825	2026-03-31 09:12:16.214825	\N
14976	11	2	18	38	50.67	\N	\N	2026-03-31 09:12:16.219469	2026-03-31 09:12:16.219469	\N
14977	11	2	19	56	56.00	\N	\N	2026-03-31 09:12:16.224046	2026-03-31 09:12:16.224046	\N
14978	11	3	16	28	56.00	\N	\N	2026-03-31 09:12:16.228813	2026-03-31 09:12:16.228813	\N
14979	11	3	17	29	58.00	\N	\N	2026-03-31 09:12:16.23353	2026-03-31 09:12:16.23353	\N
14980	11	3	18	41	54.67	\N	\N	2026-03-31 09:12:16.238351	2026-03-31 09:12:16.238351	\N
14981	11	3	19	60	60.00	\N	\N	2026-03-31 09:12:16.24384	2026-03-31 09:12:16.24384	\N
14982	12	1	16	29	58.00	\N	\N	2026-03-31 09:12:16.249675	2026-03-31 09:12:16.249675	\N
14983	12	1	17	30	60.00	\N	\N	2026-03-31 09:12:16.255589	2026-03-31 09:12:16.255589	\N
14984	12	1	18	42	56.00	\N	\N	2026-03-31 09:12:16.262288	2026-03-31 09:12:16.262288	\N
14985	12	1	19	61	61.00	\N	\N	2026-03-31 09:12:16.2683	2026-03-31 09:12:16.2683	\N
14986	12	2	16	25	50.00	\N	\N	2026-03-31 09:12:16.27436	2026-03-31 09:12:16.27436	\N
14987	12	2	17	26	52.00	\N	\N	2026-03-31 09:12:16.280908	2026-03-31 09:12:16.280908	\N
14988	12	2	18	41	54.67	\N	\N	2026-03-31 09:12:16.287212	2026-03-31 09:12:16.287212	\N
14989	12	2	19	61	61.00	\N	\N	2026-03-31 09:12:16.292842	2026-03-31 09:12:16.292842	\N
14990	12	3	16	28	56.00	\N	\N	2026-03-31 09:12:16.309228	2026-03-31 09:12:16.309228	\N
14991	12	3	17	29	58.00	\N	\N	2026-03-31 09:12:16.320844	2026-03-31 09:12:16.320844	\N
14992	12	3	18	44	58.67	\N	\N	2026-03-31 09:12:16.327512	2026-03-31 09:12:16.327512	\N
14993	12	3	19	65	65.00	\N	\N	2026-03-31 09:12:16.333894	2026-03-31 09:12:16.333894	\N
14994	16	1	16	28	56.00	\N	\N	2026-03-31 09:12:16.33986	2026-03-31 09:12:16.33986	\N
14995	16	1	17	29	58.00	\N	\N	2026-03-31 09:12:16.34626	2026-03-31 09:12:16.34626	\N
14996	16	1	18	44	58.67	\N	\N	2026-03-31 09:12:16.351921	2026-03-31 09:12:16.351921	\N
14997	16	1	19	60	60.00	\N	\N	2026-03-31 09:12:16.35709	2026-03-31 09:12:16.35709	\N
14998	16	2	16	28	56.00	\N	\N	2026-03-31 09:12:16.362049	2026-03-31 09:12:16.362049	\N
14999	16	2	17	29	58.00	\N	\N	2026-03-31 09:12:16.366607	2026-03-31 09:12:16.366607	\N
15000	16	2	18	43	57.33	\N	\N	2026-03-31 09:12:16.371388	2026-03-31 09:12:16.371388	\N
15001	16	2	19	60	60.00	\N	\N	2026-03-31 09:12:16.376621	2026-03-31 09:12:16.376621	\N
15002	16	3	16	30	60.00	\N	\N	2026-03-31 09:12:16.381965	2026-03-31 09:12:16.381965	\N
15003	16	3	17	31	62.00	\N	\N	2026-03-31 09:12:16.387627	2026-03-31 09:12:16.387627	\N
15004	16	3	18	46	61.33	\N	\N	2026-03-31 09:12:16.393243	2026-03-31 09:12:16.393243	\N
15005	16	3	19	64	64.00	\N	\N	2026-03-31 09:12:16.397325	2026-03-31 09:12:16.397325	\N
15006	17	1	16	26	52.00	\N	\N	2026-03-31 09:12:16.401858	2026-03-31 09:12:16.401858	\N
15007	17	1	17	27	54.00	\N	\N	2026-03-31 09:12:16.405619	2026-03-31 09:12:16.405619	\N
15008	17	1	18	40	53.33	\N	\N	2026-03-31 09:12:16.409415	2026-03-31 09:12:16.409415	\N
15009	17	1	19	57	57.00	\N	\N	2026-03-31 09:12:16.416444	2026-03-31 09:12:16.416444	\N
15010	17	2	16	26	52.00	\N	\N	2026-03-31 09:12:16.440383	2026-03-31 09:12:16.440383	\N
15011	17	2	17	27	54.00	\N	\N	2026-03-31 09:12:16.447814	2026-03-31 09:12:16.447814	\N
15012	17	2	18	40	53.33	\N	\N	2026-03-31 09:12:16.451859	2026-03-31 09:12:16.451859	\N
15013	17	2	19	56	56.00	\N	\N	2026-03-31 09:12:16.455931	2026-03-31 09:12:16.455931	\N
15014	17	3	16	26	52.00	\N	\N	2026-03-31 09:12:16.459859	2026-03-31 09:12:16.459859	\N
15015	17	3	17	27	54.00	\N	\N	2026-03-31 09:12:16.464346	2026-03-31 09:12:16.464346	\N
15016	17	3	18	43	57.33	\N	\N	2026-03-31 09:12:16.468292	2026-03-31 09:12:16.468292	\N
15017	17	3	19	61	61.00	\N	\N	2026-03-31 09:12:16.472806	2026-03-31 09:12:16.472806	\N
15018	21	1	16	14	28.00	\N	\N	2026-03-31 09:12:16.476698	2026-03-31 09:12:16.476698	\N
15019	21	1	17	11	22.00	\N	\N	2026-03-31 09:12:16.481344	2026-03-31 09:12:16.481344	\N
15020	21	1	18	19	25.33	\N	\N	2026-03-31 09:12:16.485067	2026-03-31 09:12:16.485067	\N
15021	21	1	19	24	24.00	\N	\N	2026-03-31 09:12:16.489095	2026-03-31 09:12:16.489095	\N
15022	21	2	16	10	20.00	\N	\N	2026-03-31 09:12:16.493047	2026-03-31 09:12:16.493047	\N
15023	21	2	17	11	22.00	\N	\N	2026-03-31 09:12:16.497352	2026-03-31 09:12:16.497352	\N
15024	21	2	18	24	32.00	\N	\N	2026-03-31 09:12:16.501214	2026-03-31 09:12:16.501214	\N
15025	21	2	19	23	23.00	\N	\N	2026-03-31 09:12:16.505916	2026-03-31 09:12:16.505916	\N
15026	21	3	16	12	24.00	\N	\N	2026-03-31 09:12:16.510173	2026-03-31 09:12:16.510173	\N
15027	21	3	17	17	34.00	\N	\N	2026-03-31 09:12:16.515165	2026-03-31 09:12:16.515165	\N
15028	21	3	18	22	29.33	\N	\N	2026-03-31 09:12:16.519419	2026-03-31 09:12:16.519419	\N
15029	21	3	19	28	28.00	\N	\N	2026-03-31 09:12:16.523466	2026-03-31 09:12:16.523466	\N
15030	22	1	16	12	24.00	\N	\N	2026-03-31 09:12:16.527965	2026-03-31 09:12:16.527965	\N
15031	22	1	17	17	34.00	\N	\N	2026-03-31 09:12:16.533173	2026-03-31 09:12:16.533173	\N
15032	22	1	18	19	25.33	\N	\N	2026-03-31 09:12:16.536976	2026-03-31 09:12:16.536976	\N
15033	22	1	19	34	34.00	\N	\N	2026-03-31 09:12:16.541791	2026-03-31 09:12:16.541791	\N
15034	22	2	16	8	16.00	\N	\N	2026-03-31 09:12:16.54619	2026-03-31 09:12:16.54619	\N
15035	22	2	17	13	26.00	\N	\N	2026-03-31 09:12:16.550738	2026-03-31 09:12:16.550738	\N
15036	22	2	18	12	16.00	\N	\N	2026-03-31 09:12:16.55494	2026-03-31 09:12:16.55494	\N
15037	22	2	19	28	28.00	\N	\N	2026-03-31 09:12:16.559338	2026-03-31 09:12:16.559338	\N
15038	22	3	16	14	28.00	\N	\N	2026-03-31 09:12:16.564	2026-03-31 09:12:16.564	\N
15039	22	3	17	15	30.00	\N	\N	2026-03-31 09:12:16.568511	2026-03-31 09:12:16.568511	\N
15040	22	3	18	15	20.00	\N	\N	2026-03-31 09:12:16.57314	2026-03-31 09:12:16.57314	\N
15041	22	3	19	32	32.00	\N	\N	2026-03-31 09:12:16.577754	2026-03-31 09:12:16.577754	\N
15042	26	1	16	41	82.00	\N	\N	2026-03-31 09:12:16.583007	2026-03-31 09:12:16.583007	\N
15043	26	1	17	41	82.00	\N	\N	2026-03-31 09:12:16.5881	2026-03-31 09:12:16.5881	\N
15044	26	1	18	61	81.33	\N	\N	2026-03-31 09:12:16.5931	2026-03-31 09:12:16.5931	\N
15045	26	1	19	82	82.00	\N	\N	2026-03-31 09:12:16.598507	2026-03-31 09:12:16.598507	\N
15046	26	2	16	41	82.00	\N	\N	2026-03-31 09:12:16.603216	2026-03-31 09:12:16.603216	\N
15047	26	2	17	41	82.00	\N	\N	2026-03-31 09:12:16.608227	2026-03-31 09:12:16.608227	\N
15048	26	2	18	61	81.33	\N	\N	2026-03-31 09:12:16.613705	2026-03-31 09:12:16.613705	\N
15049	26	2	19	83	83.00	\N	\N	2026-03-31 09:12:16.618533	2026-03-31 09:12:16.618533	\N
15050	26	3	16	41	82.00	\N	\N	2026-03-31 09:12:16.623625	2026-03-31 09:12:16.623625	\N
15051	26	3	17	42	84.00	\N	\N	2026-03-31 09:12:16.629087	2026-03-31 09:12:16.629087	\N
15052	26	3	18	61	81.33	\N	\N	2026-03-31 09:12:16.634495	2026-03-31 09:12:16.634495	\N
15053	26	3	19	85	85.00	\N	\N	2026-03-31 09:12:16.639495	2026-03-31 09:12:16.639495	\N
15054	27	1	16	41	82.00	\N	\N	2026-03-31 09:12:16.644893	2026-03-31 09:12:16.644893	\N
15055	27	1	17	42	84.00	\N	\N	2026-03-31 09:12:16.650609	2026-03-31 09:12:16.650609	\N
15056	27	1	18	61	81.33	\N	\N	2026-03-31 09:12:16.655525	2026-03-31 09:12:16.655525	\N
15057	27	1	19	86	86.00	\N	\N	2026-03-31 09:12:16.663563	2026-03-31 09:12:16.663563	\N
15058	27	2	16	41	82.00	\N	\N	2026-03-31 09:12:16.669003	2026-03-31 09:12:16.669003	\N
15059	27	2	17	41	82.00	\N	\N	2026-03-31 09:12:16.675582	2026-03-31 09:12:16.675582	\N
15060	27	2	18	61	81.33	\N	\N	2026-03-31 09:12:16.682807	2026-03-31 09:12:16.682807	\N
15061	27	2	19	86	86.00	\N	\N	2026-03-31 09:12:16.68992	2026-03-31 09:12:16.68992	\N
15062	27	3	16	41	82.00	\N	\N	2026-03-31 09:12:16.697967	2026-03-31 09:12:16.697967	\N
15063	27	3	17	41	82.00	\N	\N	2026-03-31 09:12:16.703321	2026-03-31 09:12:16.703321	\N
15064	27	3	18	62	82.67	\N	\N	2026-03-31 09:12:16.709248	2026-03-31 09:12:16.709248	\N
15065	27	3	19	84	84.00	\N	\N	2026-03-31 09:12:16.716574	2026-03-31 09:12:16.716574	\N
15066	31	1	16	28	56.00	\N	\N	2026-03-31 09:12:16.722895	2026-03-31 09:12:16.722895	\N
15067	31	1	17	29	58.00	\N	\N	2026-03-31 09:12:16.730109	2026-03-31 09:12:16.730109	\N
15068	31	1	18	44	58.67	\N	\N	2026-03-31 09:12:16.734152	2026-03-31 09:12:16.734152	\N
15069	31	1	19	61	61.00	\N	\N	2026-03-31 09:12:16.738146	2026-03-31 09:12:16.738146	\N
15070	31	2	16	28	56.00	\N	\N	2026-03-31 09:12:16.743964	2026-03-31 09:12:16.743964	\N
15071	31	2	17	29	58.00	\N	\N	2026-03-31 09:12:16.748245	2026-03-31 09:12:16.748245	\N
15072	31	2	18	43	57.33	\N	\N	2026-03-31 09:12:16.752843	2026-03-31 09:12:16.752843	\N
15073	31	2	19	60	60.00	\N	\N	2026-03-31 09:12:16.759521	2026-03-31 09:12:16.759521	\N
15074	31	3	16	31	62.00	\N	\N	2026-03-31 09:12:16.765997	2026-03-31 09:12:16.765997	\N
15075	31	3	17	32	64.00	\N	\N	2026-03-31 09:12:16.770362	2026-03-31 09:12:16.770362	\N
15076	31	3	18	46	61.33	\N	\N	2026-03-31 09:12:16.775034	2026-03-31 09:12:16.775034	\N
15077	31	3	19	65	65.00	\N	\N	2026-03-31 09:12:16.781574	2026-03-31 09:12:16.781574	\N
15078	32	1	16	27	54.00	\N	\N	2026-03-31 09:12:16.789281	2026-03-31 09:12:16.789281	\N
15079	32	1	17	28	56.00	\N	\N	2026-03-31 09:12:16.796477	2026-03-31 09:12:16.796477	\N
15080	32	1	18	40	53.33	\N	\N	2026-03-31 09:12:16.803408	2026-03-31 09:12:16.803408	\N
15081	32	1	19	58	58.00	\N	\N	2026-03-31 09:12:16.810447	2026-03-31 09:12:16.810447	\N
15082	32	2	16	25	50.00	\N	\N	2026-03-31 09:12:16.817528	2026-03-31 09:12:16.817528	\N
15083	32	2	17	25	50.00	\N	\N	2026-03-31 09:12:16.825131	2026-03-31 09:12:16.825131	\N
15084	32	2	18	40	53.33	\N	\N	2026-03-31 09:12:16.831527	2026-03-31 09:12:16.831527	\N
15085	32	2	19	57	57.00	\N	\N	2026-03-31 09:12:16.838601	2026-03-31 09:12:16.838601	\N
15086	32	3	16	26	52.00	\N	\N	2026-03-31 09:12:16.845429	2026-03-31 09:12:16.845429	\N
15087	32	3	17	27	54.00	\N	\N	2026-03-31 09:12:16.851857	2026-03-31 09:12:16.851857	\N
15088	32	3	18	42	56.00	\N	\N	2026-03-31 09:12:16.858106	2026-03-31 09:12:16.858106	\N
15089	32	3	19	62	62.00	\N	\N	2026-03-31 09:12:16.862045	2026-03-31 09:12:16.862045	\N
15090	36	1	16	26	52.00	\N	\N	2026-03-31 09:12:16.868057	2026-03-31 09:12:16.868057	\N
15091	36	1	17	27	54.00	\N	\N	2026-03-31 09:12:16.874851	2026-03-31 09:12:16.874851	\N
15092	36	1	18	43	57.33	\N	\N	2026-03-31 09:12:16.88129	2026-03-31 09:12:16.88129	\N
15093	36	1	19	57	57.00	\N	\N	2026-03-31 09:12:16.88798	2026-03-31 09:12:16.88798	\N
15094	36	2	16	26	52.00	\N	\N	2026-03-31 09:12:16.894797	2026-03-31 09:12:16.894797	\N
15095	36	2	17	27	54.00	\N	\N	2026-03-31 09:12:16.901751	2026-03-31 09:12:16.901751	\N
15096	36	2	18	42	56.00	\N	\N	2026-03-31 09:12:16.905973	2026-03-31 09:12:16.905973	\N
15097	36	2	19	56	56.00	\N	\N	2026-03-31 09:12:16.910478	2026-03-31 09:12:16.910478	\N
15098	36	3	16	28	56.00	\N	\N	2026-03-31 09:12:16.917379	2026-03-31 09:12:16.917379	\N
15099	36	3	17	30	60.00	\N	\N	2026-03-31 09:12:16.925	2026-03-31 09:12:16.925	\N
15100	36	3	18	45	60.00	\N	\N	2026-03-31 09:12:16.93173	2026-03-31 09:12:16.93173	\N
15101	36	3	19	61	61.00	\N	\N	2026-03-31 09:12:16.938254	2026-03-31 09:12:16.938254	\N
15102	37	1	16	29	58.00	\N	\N	2026-03-31 09:12:16.945534	2026-03-31 09:12:16.945534	\N
15103	37	1	17	30	60.00	\N	\N	2026-03-31 09:12:16.952433	2026-03-31 09:12:16.952433	\N
15104	37	1	18	41	54.67	\N	\N	2026-03-31 09:12:16.959644	2026-03-31 09:12:16.959644	\N
15105	37	1	19	62	62.00	\N	\N	2026-03-31 09:12:16.967175	2026-03-31 09:12:16.967175	\N
15106	37	2	16	29	58.00	\N	\N	2026-03-31 09:12:16.97458	2026-03-31 09:12:16.97458	\N
15107	37	2	17	30	60.00	\N	\N	2026-03-31 09:12:16.9822	2026-03-31 09:12:16.9822	\N
15108	37	2	18	40	53.33	\N	\N	2026-03-31 09:12:16.988921	2026-03-31 09:12:16.988921	\N
15109	37	2	19	61	61.00	\N	\N	2026-03-31 09:12:16.996281	2026-03-31 09:12:16.996281	\N
15110	37	3	16	28	56.00	\N	\N	2026-03-31 09:12:17.003361	2026-03-31 09:12:17.003361	\N
15111	37	3	17	29	58.00	\N	\N	2026-03-31 09:12:17.010156	2026-03-31 09:12:17.010156	\N
15112	37	3	18	43	57.33	\N	\N	2026-03-31 09:12:17.017063	2026-03-31 09:12:17.017063	\N
15113	37	3	19	66	66.00	\N	\N	2026-03-31 09:12:17.023993	2026-03-31 09:12:17.023993	\N
15114	41	1	16	28	56.00	\N	\N	2026-03-31 09:12:17.031295	2026-03-31 09:12:17.031295	\N
15115	41	1	17	29	58.00	\N	\N	2026-03-31 09:12:17.038552	2026-03-31 09:12:17.038552	\N
15116	41	1	18	43	57.33	\N	\N	2026-03-31 09:12:17.045779	2026-03-31 09:12:17.045779	\N
15117	41	1	19	61	61.00	\N	\N	2026-03-31 09:12:17.052837	2026-03-31 09:12:17.052837	\N
15118	41	2	16	25	50.00	\N	\N	2026-03-31 09:12:17.060062	2026-03-31 09:12:17.060062	\N
15119	41	2	17	25	50.00	\N	\N	2026-03-31 09:12:17.068104	2026-03-31 09:12:17.068104	\N
15120	41	2	18	38	50.67	\N	\N	2026-03-31 09:12:17.075192	2026-03-31 09:12:17.075192	\N
15121	41	2	19	52	52.00	\N	\N	2026-03-31 09:12:17.082213	2026-03-31 09:12:17.082213	\N
15122	41	3	16	26	52.00	\N	\N	2026-03-31 09:12:17.089324	2026-03-31 09:12:17.089324	\N
15123	41	3	17	27	54.00	\N	\N	2026-03-31 09:12:17.096989	2026-03-31 09:12:17.096989	\N
15124	41	3	18	39	52.00	\N	\N	2026-03-31 09:12:17.102998	2026-03-31 09:12:17.102998	\N
15125	41	3	19	57	57.00	\N	\N	2026-03-31 09:12:17.110427	2026-03-31 09:12:17.110427	\N
15126	42	1	16	27	54.00	\N	\N	2026-03-31 09:12:17.117229	2026-03-31 09:12:17.117229	\N
15127	42	1	17	28	56.00	\N	\N	2026-03-31 09:12:17.121883	2026-03-31 09:12:17.121883	\N
15128	42	1	18	40	53.33	\N	\N	2026-03-31 09:12:17.126206	2026-03-31 09:12:17.126206	\N
15129	42	1	19	57	57.00	\N	\N	2026-03-31 09:12:17.130928	2026-03-31 09:12:17.130928	\N
15130	42	2	16	27	54.00	\N	\N	2026-03-31 09:12:17.135242	2026-03-31 09:12:17.135242	\N
15131	42	2	17	28	56.00	\N	\N	2026-03-31 09:12:17.139782	2026-03-31 09:12:17.139782	\N
15132	42	2	18	39	52.00	\N	\N	2026-03-31 09:12:17.145299	2026-03-31 09:12:17.145299	\N
15133	42	2	19	57	57.00	\N	\N	2026-03-31 09:12:17.149478	2026-03-31 09:12:17.149478	\N
15134	42	3	16	29	58.00	\N	\N	2026-03-31 09:12:17.153669	2026-03-31 09:12:17.153669	\N
15135	42	3	17	30	60.00	\N	\N	2026-03-31 09:12:17.158013	2026-03-31 09:12:17.158013	\N
15136	42	3	18	42	56.00	\N	\N	2026-03-31 09:12:17.162856	2026-03-31 09:12:17.162856	\N
15137	42	3	19	62	62.00	\N	\N	2026-03-31 09:12:17.167202	2026-03-31 09:12:17.167202	\N
15138	46	1	16	14	28.00	\N	\N	2026-03-31 09:12:17.171753	2026-03-31 09:12:17.171753	\N
15139	46	1	17	15	30.00	\N	\N	2026-03-31 09:12:17.17555	2026-03-31 09:12:17.17555	\N
15140	46	1	18	24	32.00	\N	\N	2026-03-31 09:12:17.181435	2026-03-31 09:12:17.181435	\N
15141	46	1	19	38	38.00	\N	\N	2026-03-31 09:12:17.185526	2026-03-31 09:12:17.185526	\N
15142	46	2	16	14	28.00	\N	\N	2026-03-31 09:12:17.190141	2026-03-31 09:12:17.190141	\N
15143	46	2	17	11	22.00	\N	\N	2026-03-31 09:12:17.194105	2026-03-31 09:12:17.194105	\N
15144	46	2	18	23	30.67	\N	\N	2026-03-31 09:12:17.198388	2026-03-31 09:12:17.198388	\N
15145	46	2	19	24	24.00	\N	\N	2026-03-31 09:12:17.202691	2026-03-31 09:12:17.202691	\N
15146	46	3	16	12	24.00	\N	\N	2026-03-31 09:12:17.206871	2026-03-31 09:12:17.206871	\N
15147	46	3	17	13	26.00	\N	\N	2026-03-31 09:12:17.21119	2026-03-31 09:12:17.21119	\N
15148	46	3	18	26	34.67	\N	\N	2026-03-31 09:12:17.215276	2026-03-31 09:12:17.215276	\N
15149	46	3	19	29	29.00	\N	\N	2026-03-31 09:12:17.220051	2026-03-31 09:12:17.220051	\N
15150	47	1	16	11	22.00	\N	\N	2026-03-31 09:12:17.224503	2026-03-31 09:12:17.224503	\N
15151	47	1	17	12	24.00	\N	\N	2026-03-31 09:12:17.229008	2026-03-31 09:12:17.229008	\N
15152	47	1	18	22	29.33	\N	\N	2026-03-31 09:12:17.233527	2026-03-31 09:12:17.233527	\N
15153	47	1	19	27	27.00	\N	\N	2026-03-31 09:12:17.238133	2026-03-31 09:12:17.238133	\N
15154	47	2	16	8	16.00	\N	\N	2026-03-31 09:12:17.242183	2026-03-31 09:12:17.242183	\N
15155	47	2	17	13	26.00	\N	\N	2026-03-31 09:12:17.246541	2026-03-31 09:12:17.246541	\N
15156	47	2	18	22	29.33	\N	\N	2026-03-31 09:12:17.250871	2026-03-31 09:12:17.250871	\N
15157	47	2	19	26	26.00	\N	\N	2026-03-31 09:12:17.255014	2026-03-31 09:12:17.255014	\N
15158	47	3	16	10	20.00	\N	\N	2026-03-31 09:12:17.25995	2026-03-31 09:12:17.25995	\N
15159	47	3	17	15	30.00	\N	\N	2026-03-31 09:12:17.264352	2026-03-31 09:12:17.264352	\N
15160	47	3	18	24	32.00	\N	\N	2026-03-31 09:12:17.269244	2026-03-31 09:12:17.269244	\N
15161	47	3	19	33	33.00	\N	\N	2026-03-31 09:12:17.274246	2026-03-31 09:12:17.274246	\N
15162	51	1	16	41	82.00	\N	\N	2026-03-31 09:12:17.279061	2026-03-31 09:12:17.279061	\N
15163	51	1	17	41	82.00	\N	\N	2026-03-31 09:12:17.283488	2026-03-31 09:12:17.283488	\N
15164	51	1	18	61	81.33	\N	\N	2026-03-31 09:12:17.288249	2026-03-31 09:12:17.288249	\N
15165	51	1	19	82	82.00	\N	\N	2026-03-31 09:12:17.293353	2026-03-31 09:12:17.293353	\N
15166	51	2	16	41	82.00	\N	\N	2026-03-31 09:12:17.298524	2026-03-31 09:12:17.298524	\N
15167	51	2	17	41	82.00	\N	\N	2026-03-31 09:12:17.303491	2026-03-31 09:12:17.303491	\N
15168	51	2	18	61	81.33	\N	\N	2026-03-31 09:12:17.308114	2026-03-31 09:12:17.308114	\N
15169	51	2	19	82	82.00	\N	\N	2026-03-31 09:12:17.312881	2026-03-31 09:12:17.312881	\N
15170	51	3	16	41	82.00	\N	\N	2026-03-31 09:12:17.318024	2026-03-31 09:12:17.318024	\N
15171	51	3	17	42	84.00	\N	\N	2026-03-31 09:12:17.323153	2026-03-31 09:12:17.323153	\N
15172	51	3	18	63	84.00	\N	\N	2026-03-31 09:12:17.32854	2026-03-31 09:12:17.32854	\N
15173	51	3	19	86	86.00	\N	\N	2026-03-31 09:12:17.334129	2026-03-31 09:12:17.334129	\N
15174	52	1	16	41	82.00	\N	\N	2026-03-31 09:12:17.339615	2026-03-31 09:12:17.339615	\N
15175	52	1	17	42	84.00	\N	\N	2026-03-31 09:12:17.344797	2026-03-31 09:12:17.344797	\N
15176	52	1	18	63	84.00	\N	\N	2026-03-31 09:12:17.349893	2026-03-31 09:12:17.349893	\N
15177	52	1	19	86	86.00	\N	\N	2026-03-31 09:12:17.355612	2026-03-31 09:12:17.355612	\N
15178	52	2	16	41	82.00	\N	\N	2026-03-31 09:12:17.361056	2026-03-31 09:12:17.361056	\N
15179	52	2	17	41	82.00	\N	\N	2026-03-31 09:12:17.366632	2026-03-31 09:12:17.366632	\N
15180	52	2	18	61	81.33	\N	\N	2026-03-31 09:12:17.371908	2026-03-31 09:12:17.371908	\N
15181	52	2	19	86	86.00	\N	\N	2026-03-31 09:12:17.377415	2026-03-31 09:12:17.377415	\N
15182	52	3	16	41	82.00	\N	\N	2026-03-31 09:12:17.382992	2026-03-31 09:12:17.382992	\N
15183	52	3	17	41	82.00	\N	\N	2026-03-31 09:12:17.388581	2026-03-31 09:12:17.388581	\N
15184	52	3	18	61	81.33	\N	\N	2026-03-31 09:12:17.395922	2026-03-31 09:12:17.395922	\N
15185	52	3	19	91	91.00	\N	\N	2026-03-31 09:12:17.400509	2026-03-31 09:12:17.400509	\N
15186	56	1	16	29	58.00	\N	\N	2026-03-31 09:12:17.404803	2026-03-31 09:12:17.404803	\N
15187	56	1	17	30	60.00	\N	\N	2026-03-31 09:12:17.40864	2026-03-31 09:12:17.40864	\N
15188	56	1	18	43	57.33	\N	\N	2026-03-31 09:12:17.413046	2026-03-31 09:12:17.413046	\N
15189	56	1	19	61	61.00	\N	\N	2026-03-31 09:12:17.416988	2026-03-31 09:12:17.416988	\N
15190	56	2	16	25	50.00	\N	\N	2026-03-31 09:12:17.421159	2026-03-31 09:12:17.421159	\N
15191	56	2	17	26	52.00	\N	\N	2026-03-31 09:12:17.42524	2026-03-31 09:12:17.42524	\N
15192	56	2	18	38	50.67	\N	\N	2026-03-31 09:12:17.429032	2026-03-31 09:12:17.429032	\N
15193	56	2	19	53	53.00	\N	\N	2026-03-31 09:12:17.433655	2026-03-31 09:12:17.433655	\N
15194	56	3	16	27	54.00	\N	\N	2026-03-31 09:12:17.438165	2026-03-31 09:12:17.438165	\N
15195	56	3	17	28	56.00	\N	\N	2026-03-31 09:12:17.443571	2026-03-31 09:12:17.443571	\N
15196	56	3	18	39	52.00	\N	\N	2026-03-31 09:12:17.454516	2026-03-31 09:12:17.454516	\N
15197	56	3	19	58	58.00	\N	\N	2026-03-31 09:12:17.463374	2026-03-31 09:12:17.463374	\N
15198	57	1	16	27	54.00	\N	\N	2026-03-31 09:12:17.468254	2026-03-31 09:12:17.468254	\N
15199	57	1	17	28	56.00	\N	\N	2026-03-31 09:12:17.472158	2026-03-31 09:12:17.472158	\N
15200	57	1	18	40	53.33	\N	\N	2026-03-31 09:12:17.476073	2026-03-31 09:12:17.476073	\N
15201	57	1	19	58	58.00	\N	\N	2026-03-31 09:12:17.480291	2026-03-31 09:12:17.480291	\N
15202	57	2	16	27	54.00	\N	\N	2026-03-31 09:12:17.485213	2026-03-31 09:12:17.485213	\N
15203	57	2	17	28	56.00	\N	\N	2026-03-31 09:12:17.489782	2026-03-31 09:12:17.489782	\N
15204	57	2	18	39	52.00	\N	\N	2026-03-31 09:12:17.494797	2026-03-31 09:12:17.494797	\N
15205	57	2	19	58	58.00	\N	\N	2026-03-31 09:12:17.498819	2026-03-31 09:12:17.498819	\N
15206	57	3	16	26	52.00	\N	\N	2026-03-31 09:12:17.502908	2026-03-31 09:12:17.502908	\N
15207	57	3	17	27	54.00	\N	\N	2026-03-31 09:12:17.507328	2026-03-31 09:12:17.507328	\N
15208	57	3	18	42	56.00	\N	\N	2026-03-31 09:12:17.511145	2026-03-31 09:12:17.511145	\N
15209	57	3	19	63	63.00	\N	\N	2026-03-31 09:12:17.515186	2026-03-31 09:12:17.515186	\N
15210	61	1	16	27	54.00	\N	\N	2026-03-31 09:12:17.519376	2026-03-31 09:12:17.519376	\N
15211	61	1	17	28	56.00	\N	\N	2026-03-31 09:12:17.525191	2026-03-31 09:12:17.525191	\N
15212	61	1	18	42	56.00	\N	\N	2026-03-31 09:12:17.529634	2026-03-31 09:12:17.529634	\N
15213	61	1	19	57	57.00	\N	\N	2026-03-31 09:12:17.533419	2026-03-31 09:12:17.533419	\N
15214	61	2	16	26	52.00	\N	\N	2026-03-31 09:12:17.537294	2026-03-31 09:12:17.537294	\N
15215	61	2	17	27	54.00	\N	\N	2026-03-31 09:12:17.541764	2026-03-31 09:12:17.541764	\N
15216	61	2	18	41	54.67	\N	\N	2026-03-31 09:12:17.545699	2026-03-31 09:12:17.545699	\N
15217	61	2	19	57	57.00	\N	\N	2026-03-31 09:12:17.549747	2026-03-31 09:12:17.549747	\N
15218	61	3	16	29	58.00	\N	\N	2026-03-31 09:12:17.554091	2026-03-31 09:12:17.554091	\N
15219	61	3	17	30	60.00	\N	\N	2026-03-31 09:12:17.557878	2026-03-31 09:12:17.557878	\N
15220	61	3	18	44	58.67	\N	\N	2026-03-31 09:12:17.563135	2026-03-31 09:12:17.563135	\N
15221	61	3	19	62	62.00	\N	\N	2026-03-31 09:12:17.567942	2026-03-31 09:12:17.567942	\N
15222	62	1	16	29	58.00	\N	\N	2026-03-31 09:12:17.572299	2026-03-31 09:12:17.572299	\N
15223	62	1	17	30	60.00	\N	\N	2026-03-31 09:12:17.576668	2026-03-31 09:12:17.576668	\N
15224	62	1	18	44	58.67	\N	\N	2026-03-31 09:12:17.581539	2026-03-31 09:12:17.581539	\N
15225	62	1	19	62	62.00	\N	\N	2026-03-31 09:12:17.585937	2026-03-31 09:12:17.585937	\N
15226	62	2	16	29	58.00	\N	\N	2026-03-31 09:12:17.590664	2026-03-31 09:12:17.590664	\N
15227	62	2	17	30	60.00	\N	\N	2026-03-31 09:12:17.595119	2026-03-31 09:12:17.595119	\N
15228	62	2	18	44	58.67	\N	\N	2026-03-31 09:12:17.600178	2026-03-31 09:12:17.600178	\N
15229	62	2	19	62	62.00	\N	\N	2026-03-31 09:12:17.604724	2026-03-31 09:12:17.604724	\N
15230	62	3	16	31	62.00	\N	\N	2026-03-31 09:12:17.609825	2026-03-31 09:12:17.609825	\N
15231	62	3	17	32	64.00	\N	\N	2026-03-31 09:12:17.616621	2026-03-31 09:12:17.616621	\N
15232	62	3	18	46	61.33	\N	\N	2026-03-31 09:12:17.633592	2026-03-31 09:12:17.633592	\N
15233	62	3	19	66	66.00	\N	\N	2026-03-31 09:12:17.639963	2026-03-31 09:12:17.639963	\N
15234	66	1	16	25	50.00	\N	\N	2026-03-31 09:12:17.644396	2026-03-31 09:12:17.644396	\N
15235	66	1	17	26	52.00	\N	\N	2026-03-31 09:12:17.649208	2026-03-31 09:12:17.649208	\N
15236	66	1	18	41	54.67	\N	\N	2026-03-31 09:12:17.653721	2026-03-31 09:12:17.653721	\N
15237	66	1	19	59	59.00	\N	\N	2026-03-31 09:12:17.657705	2026-03-31 09:12:17.657705	\N
15238	66	2	16	25	50.00	\N	\N	2026-03-31 09:12:17.662138	2026-03-31 09:12:17.662138	\N
15239	66	2	17	25	50.00	\N	\N	2026-03-31 09:12:17.666066	2026-03-31 09:12:17.666066	\N
15240	66	2	18	40	53.33	\N	\N	2026-03-31 09:12:17.670123	2026-03-31 09:12:17.670123	\N
15241	66	2	19	53	53.00	\N	\N	2026-03-31 09:12:17.674388	2026-03-31 09:12:17.674388	\N
15242	66	3	16	27	54.00	\N	\N	2026-03-31 09:12:17.678295	2026-03-31 09:12:17.678295	\N
15243	66	3	17	28	56.00	\N	\N	2026-03-31 09:12:17.682495	2026-03-31 09:12:17.682495	\N
15244	66	3	18	43	57.33	\N	\N	2026-03-31 09:12:17.686275	2026-03-31 09:12:17.686275	\N
15245	66	3	19	57	57.00	\N	\N	2026-03-31 09:12:17.689752	2026-03-31 09:12:17.689752	\N
15246	67	1	16	27	54.00	\N	\N	2026-03-31 09:12:17.694675	2026-03-31 09:12:17.694675	\N
15247	67	1	17	28	56.00	\N	\N	2026-03-31 09:12:17.700741	2026-03-31 09:12:17.700741	\N
15248	67	1	18	43	57.33	\N	\N	2026-03-31 09:12:17.705909	2026-03-31 09:12:17.705909	\N
15249	67	1	19	58	58.00	\N	\N	2026-03-31 09:12:17.709331	2026-03-31 09:12:17.709331	\N
15250	67	2	16	27	54.00	\N	\N	2026-03-31 09:12:17.713393	2026-03-31 09:12:17.713393	\N
15251	67	2	17	28	56.00	\N	\N	2026-03-31 09:12:17.717251	2026-03-31 09:12:17.717251	\N
15252	67	2	18	38	50.67	\N	\N	2026-03-31 09:12:17.723591	2026-03-31 09:12:17.723591	\N
15253	67	2	19	58	58.00	\N	\N	2026-03-31 09:12:17.727547	2026-03-31 09:12:17.727547	\N
15254	67	3	16	29	58.00	\N	\N	2026-03-31 09:12:17.73161	2026-03-31 09:12:17.73161	\N
15255	67	3	17	30	60.00	\N	\N	2026-03-31 09:12:17.73554	2026-03-31 09:12:17.73554	\N
15256	67	3	18	41	54.67	\N	\N	2026-03-31 09:12:17.739803	2026-03-31 09:12:17.739803	\N
15257	67	3	19	62	62.00	\N	\N	2026-03-31 09:12:17.744207	2026-03-31 09:12:17.744207	\N
15258	71	1	16	15	30.00	\N	\N	2026-03-31 09:12:17.748047	2026-03-31 09:12:17.748047	\N
15259	71	1	17	16	32.00	\N	\N	2026-03-31 09:12:17.75224	2026-03-31 09:12:17.75224	\N
15260	71	1	18	17	22.67	\N	\N	2026-03-31 09:12:17.756242	2026-03-31 09:12:17.756242	\N
15261	71	1	19	39	39.00	\N	\N	2026-03-31 09:12:17.760529	2026-03-31 09:12:17.760529	\N
15262	71	2	16	14	28.00	\N	\N	2026-03-31 09:12:17.764534	2026-03-31 09:12:17.764534	\N
15263	71	2	17	15	30.00	\N	\N	2026-03-31 09:12:17.769203	2026-03-31 09:12:17.769203	\N
15264	71	2	18	16	21.33	\N	\N	2026-03-31 09:12:17.77378	2026-03-31 09:12:17.77378	\N
15265	71	2	19	39	39.00	\N	\N	2026-03-31 09:12:17.778257	2026-03-31 09:12:17.778257	\N
15266	71	3	16	17	34.00	\N	\N	2026-03-31 09:12:17.782459	2026-03-31 09:12:17.782459	\N
15267	71	3	17	14	28.00	\N	\N	2026-03-31 09:12:17.787304	2026-03-31 09:12:17.787304	\N
15268	71	3	18	19	25.33	\N	\N	2026-03-31 09:12:17.791555	2026-03-31 09:12:17.791555	\N
15269	71	3	19	37	37.00	\N	\N	2026-03-31 09:12:17.796131	2026-03-31 09:12:17.796131	\N
15270	72	1	16	16	32.00	\N	\N	2026-03-31 09:12:17.800816	2026-03-31 09:12:17.800816	\N
15271	72	1	17	13	26.00	\N	\N	2026-03-31 09:12:17.804952	2026-03-31 09:12:17.804952	\N
15272	72	1	18	22	29.33	\N	\N	2026-03-31 09:12:17.811762	2026-03-31 09:12:17.811762	\N
15273	72	1	19	35	35.00	\N	\N	2026-03-31 09:12:17.816655	2026-03-31 09:12:17.816655	\N
15274	72	2	16	15	30.00	\N	\N	2026-03-31 09:12:17.821327	2026-03-31 09:12:17.821327	\N
15275	72	2	17	9	18.00	\N	\N	2026-03-31 09:12:17.826805	2026-03-31 09:12:17.826805	\N
15276	72	2	18	21	28.00	\N	\N	2026-03-31 09:12:17.831648	2026-03-31 09:12:17.831648	\N
15277	72	2	19	27	27.00	\N	\N	2026-03-31 09:12:17.836813	2026-03-31 09:12:17.836813	\N
15278	72	3	16	11	22.00	\N	\N	2026-03-31 09:12:17.842387	2026-03-31 09:12:17.842387	\N
15279	72	3	17	16	32.00	\N	\N	2026-03-31 09:12:17.847276	2026-03-31 09:12:17.847276	\N
15280	72	3	18	24	32.00	\N	\N	2026-03-31 09:12:17.85215	2026-03-31 09:12:17.85215	\N
15281	72	3	19	32	32.00	\N	\N	2026-03-31 09:12:17.856783	2026-03-31 09:12:17.856783	\N
15282	76	1	16	41	82.00	\N	\N	2026-03-31 09:12:17.861729	2026-03-31 09:12:17.861729	\N
15283	76	1	17	41	82.00	\N	\N	2026-03-31 09:12:17.866703	2026-03-31 09:12:17.866703	\N
15284	76	1	18	61	81.33	\N	\N	2026-03-31 09:12:17.871985	2026-03-31 09:12:17.871985	\N
15285	76	1	19	82	82.00	\N	\N	2026-03-31 09:12:17.877283	2026-03-31 09:12:17.877283	\N
15286	76	2	16	41	82.00	\N	\N	2026-03-31 09:12:17.883466	2026-03-31 09:12:17.883466	\N
15287	76	2	17	41	82.00	\N	\N	2026-03-31 09:12:17.889042	2026-03-31 09:12:17.889042	\N
15288	76	2	18	61	81.33	\N	\N	2026-03-31 09:12:17.894516	2026-03-31 09:12:17.894516	\N
15289	76	2	19	82	82.00	\N	\N	2026-03-31 09:12:17.899985	2026-03-31 09:12:17.899985	\N
15290	76	3	16	41	82.00	\N	\N	2026-03-31 09:12:17.905263	2026-03-31 09:12:17.905263	\N
15291	76	3	17	42	84.00	\N	\N	2026-03-31 09:12:17.910658	2026-03-31 09:12:17.910658	\N
15292	76	3	18	62	82.67	\N	\N	2026-03-31 09:12:17.916074	2026-03-31 09:12:17.916074	\N
15293	76	3	19	86	86.00	\N	\N	2026-03-31 09:12:17.921652	2026-03-31 09:12:17.921652	\N
15294	77	1	16	42	84.00	\N	\N	2026-03-31 09:12:17.926987	2026-03-31 09:12:17.926987	\N
15295	77	1	17	43	86.00	\N	\N	2026-03-31 09:12:17.932726	2026-03-31 09:12:17.932726	\N
15296	77	1	18	62	82.67	\N	\N	2026-03-31 09:12:17.938097	2026-03-31 09:12:17.938097	\N
15297	77	1	19	87	87.00	\N	\N	2026-03-31 09:12:17.943776	2026-03-31 09:12:17.943776	\N
15298	77	2	16	41	82.00	\N	\N	2026-03-31 09:12:17.94937	2026-03-31 09:12:17.94937	\N
15299	77	2	17	42	84.00	\N	\N	2026-03-31 09:12:17.954933	2026-03-31 09:12:17.954933	\N
15300	77	2	18	62	82.67	\N	\N	2026-03-31 09:12:17.960243	2026-03-31 09:12:17.960243	\N
15301	77	2	19	87	87.00	\N	\N	2026-03-31 09:12:17.966511	2026-03-31 09:12:17.966511	\N
15302	77	3	16	41	82.00	\N	\N	2026-03-31 09:12:17.972284	2026-03-31 09:12:17.972284	\N
15303	77	3	17	41	82.00	\N	\N	2026-03-31 09:12:17.978289	2026-03-31 09:12:17.978289	\N
15304	77	3	18	61	81.33	\N	\N	2026-03-31 09:12:17.983739	2026-03-31 09:12:17.983739	\N
15305	77	3	19	85	85.00	\N	\N	2026-03-31 09:12:17.989137	2026-03-31 09:12:17.989137	\N
15306	81	1	16	25	50.00	\N	\N	2026-03-31 09:12:17.994792	2026-03-31 09:12:17.994792	\N
15307	81	1	17	26	52.00	\N	\N	2026-03-31 09:12:18.000082	2026-03-31 09:12:18.000082	\N
15308	81	1	18	41	54.67	\N	\N	2026-03-31 09:12:18.005606	2026-03-31 09:12:18.005606	\N
15309	81	1	19	54	54.00	\N	\N	2026-03-31 09:12:18.010979	2026-03-31 09:12:18.010979	\N
15310	81	2	16	25	50.00	\N	\N	2026-03-31 09:12:18.016618	2026-03-31 09:12:18.016618	\N
15311	81	2	17	26	52.00	\N	\N	2026-03-31 09:12:18.021962	2026-03-31 09:12:18.021962	\N
15312	81	2	18	40	53.33	\N	\N	2026-03-31 09:12:18.027637	2026-03-31 09:12:18.027637	\N
15313	81	2	19	54	54.00	\N	\N	2026-03-31 09:12:18.032926	2026-03-31 09:12:18.032926	\N
15314	81	3	16	27	54.00	\N	\N	2026-03-31 09:12:18.038521	2026-03-31 09:12:18.038521	\N
15315	81	3	17	28	56.00	\N	\N	2026-03-31 09:12:18.044367	2026-03-31 09:12:18.044367	\N
15316	81	3	18	43	57.33	\N	\N	2026-03-31 09:12:18.049845	2026-03-31 09:12:18.049845	\N
15317	81	3	19	58	58.00	\N	\N	2026-03-31 09:12:18.055424	2026-03-31 09:12:18.055424	\N
15318	82	1	16	28	56.00	\N	\N	2026-03-31 09:12:18.06118	2026-03-31 09:12:18.06118	\N
15319	82	1	17	29	58.00	\N	\N	2026-03-31 09:12:18.066729	2026-03-31 09:12:18.066729	\N
15320	82	1	18	43	57.33	\N	\N	2026-03-31 09:12:18.072154	2026-03-31 09:12:18.072154	\N
15321	82	1	19	59	59.00	\N	\N	2026-03-31 09:12:18.077816	2026-03-31 09:12:18.077816	\N
15322	82	2	16	27	54.00	\N	\N	2026-03-31 09:12:18.083439	2026-03-31 09:12:18.083439	\N
15323	82	2	17	28	56.00	\N	\N	2026-03-31 09:12:18.088945	2026-03-31 09:12:18.088945	\N
15324	82	2	18	42	56.00	\N	\N	2026-03-31 09:12:18.094514	2026-03-31 09:12:18.094514	\N
15325	82	2	19	59	59.00	\N	\N	2026-03-31 09:12:18.099868	2026-03-31 09:12:18.099868	\N
15326	82	3	16	30	60.00	\N	\N	2026-03-31 09:12:18.105432	2026-03-31 09:12:18.105432	\N
15327	82	3	17	31	62.00	\N	\N	2026-03-31 09:12:18.110946	2026-03-31 09:12:18.110946	\N
15328	82	3	18	45	60.00	\N	\N	2026-03-31 09:12:18.116409	2026-03-31 09:12:18.116409	\N
15329	82	3	19	63	63.00	\N	\N	2026-03-31 09:12:18.12177	2026-03-31 09:12:18.12177	\N
15330	86	1	16	27	54.00	\N	\N	2026-03-31 09:12:18.127315	2026-03-31 09:12:18.127315	\N
15331	86	1	17	28	56.00	\N	\N	2026-03-31 09:12:18.132607	2026-03-31 09:12:18.132607	\N
15332	86	1	18	41	54.67	\N	\N	2026-03-31 09:12:18.138018	2026-03-31 09:12:18.138018	\N
15333	86	1	19	64	64.00	\N	\N	2026-03-31 09:12:18.143305	2026-03-31 09:12:18.143305	\N
15334	86	2	16	27	54.00	\N	\N	2026-03-31 09:12:18.14884	2026-03-31 09:12:18.14884	\N
15335	86	2	17	28	56.00	\N	\N	2026-03-31 09:12:18.154813	2026-03-31 09:12:18.154813	\N
15336	86	2	18	40	53.33	\N	\N	2026-03-31 09:12:18.160661	2026-03-31 09:12:18.160661	\N
15337	86	2	19	57	57.00	\N	\N	2026-03-31 09:12:18.166178	2026-03-31 09:12:18.166178	\N
15338	86	3	16	29	58.00	\N	\N	2026-03-31 09:12:18.172083	2026-03-31 09:12:18.172083	\N
15339	86	3	17	30	60.00	\N	\N	2026-03-31 09:12:18.177618	2026-03-31 09:12:18.177618	\N
15340	86	3	18	43	57.33	\N	\N	2026-03-31 09:12:18.182985	2026-03-31 09:12:18.182985	\N
15341	86	3	19	62	62.00	\N	\N	2026-03-31 09:12:18.189155	2026-03-31 09:12:18.189155	\N
15342	87	1	16	29	58.00	\N	\N	2026-03-31 09:12:18.194899	2026-03-31 09:12:18.194899	\N
15343	87	1	17	30	60.00	\N	\N	2026-03-31 09:12:18.20065	2026-03-31 09:12:18.20065	\N
15344	87	1	18	44	58.67	\N	\N	2026-03-31 09:12:18.206242	2026-03-31 09:12:18.206242	\N
15345	87	1	19	63	63.00	\N	\N	2026-03-31 09:12:18.211646	2026-03-31 09:12:18.211646	\N
15346	87	2	16	25	50.00	\N	\N	2026-03-31 09:12:18.217123	2026-03-31 09:12:18.217123	\N
15347	87	2	17	26	52.00	\N	\N	2026-03-31 09:12:18.222615	2026-03-31 09:12:18.222615	\N
15348	87	2	18	38	50.67	\N	\N	2026-03-31 09:12:18.228195	2026-03-31 09:12:18.228195	\N
15349	87	2	19	54	54.00	\N	\N	2026-03-31 09:12:18.234412	2026-03-31 09:12:18.234412	\N
15350	87	3	16	28	56.00	\N	\N	2026-03-31 09:12:18.240168	2026-03-31 09:12:18.240168	\N
15351	87	3	17	29	58.00	\N	\N	2026-03-31 09:12:18.246	2026-03-31 09:12:18.246	\N
15352	87	3	18	40	53.33	\N	\N	2026-03-31 09:12:18.251622	2026-03-31 09:12:18.251622	\N
15353	87	3	19	59	59.00	\N	\N	2026-03-31 09:12:18.257075	2026-03-31 09:12:18.257075	\N
15354	91	1	16	25	50.00	\N	\N	2026-03-31 09:12:18.262599	2026-03-31 09:12:18.262599	\N
15355	91	1	17	26	52.00	\N	\N	2026-03-31 09:12:18.268242	2026-03-31 09:12:18.268242	\N
15356	91	1	18	40	53.33	\N	\N	2026-03-31 09:12:18.273539	2026-03-31 09:12:18.273539	\N
15357	91	1	19	60	60.00	\N	\N	2026-03-31 09:12:18.27934	2026-03-31 09:12:18.27934	\N
15358	91	2	16	25	50.00	\N	\N	2026-03-31 09:12:18.284746	2026-03-31 09:12:18.284746	\N
15359	91	2	17	26	52.00	\N	\N	2026-03-31 09:12:18.290318	2026-03-31 09:12:18.290318	\N
15360	91	2	18	39	52.00	\N	\N	2026-03-31 09:12:18.295934	2026-03-31 09:12:18.295934	\N
15361	91	2	19	59	59.00	\N	\N	2026-03-31 09:12:18.301392	2026-03-31 09:12:18.301392	\N
15362	91	3	16	27	54.00	\N	\N	2026-03-31 09:12:18.306624	2026-03-31 09:12:18.306624	\N
15363	91	3	17	28	56.00	\N	\N	2026-03-31 09:12:18.312357	2026-03-31 09:12:18.312357	\N
15364	91	3	18	42	56.00	\N	\N	2026-03-31 09:12:18.317556	2026-03-31 09:12:18.317556	\N
15365	91	3	19	58	58.00	\N	\N	2026-03-31 09:12:18.323046	2026-03-31 09:12:18.323046	\N
15366	92	1	16	27	54.00	\N	\N	2026-03-31 09:12:18.328552	2026-03-31 09:12:18.328552	\N
15367	92	1	17	28	56.00	\N	\N	2026-03-31 09:12:18.334078	2026-03-31 09:12:18.334078	\N
15368	92	1	18	42	56.00	\N	\N	2026-03-31 09:12:18.339435	2026-03-31 09:12:18.339435	\N
15369	92	1	19	59	59.00	\N	\N	2026-03-31 09:12:18.344965	2026-03-31 09:12:18.344965	\N
15370	92	2	16	27	54.00	\N	\N	2026-03-31 09:12:18.350776	2026-03-31 09:12:18.350776	\N
15371	92	2	17	28	56.00	\N	\N	2026-03-31 09:12:18.356268	2026-03-31 09:12:18.356268	\N
15372	92	2	18	42	56.00	\N	\N	2026-03-31 09:12:18.362745	2026-03-31 09:12:18.362745	\N
15373	92	2	19	58	58.00	\N	\N	2026-03-31 09:12:18.368418	2026-03-31 09:12:18.368418	\N
15374	92	3	16	29	58.00	\N	\N	2026-03-31 09:12:18.374447	2026-03-31 09:12:18.374447	\N
15375	92	3	17	30	60.00	\N	\N	2026-03-31 09:12:18.379905	2026-03-31 09:12:18.379905	\N
15376	92	3	18	45	60.00	\N	\N	2026-03-31 09:12:18.385578	2026-03-31 09:12:18.385578	\N
15377	92	3	19	63	63.00	\N	\N	2026-03-31 09:12:18.391155	2026-03-31 09:12:18.391155	\N
15378	96	1	16	14	28.00	\N	\N	2026-03-31 09:12:18.396674	2026-03-31 09:12:18.396674	\N
15379	96	1	17	19	38.00	\N	\N	2026-03-31 09:12:18.402422	2026-03-31 09:12:18.402422	\N
15380	96	1	18	27	36.00	\N	\N	2026-03-31 09:12:18.407922	2026-03-31 09:12:18.407922	\N
15381	96	1	19	40	40.00	\N	\N	2026-03-31 09:12:18.413394	2026-03-31 09:12:18.413394	\N
15382	96	2	16	15	30.00	\N	\N	2026-03-31 09:12:18.418748	2026-03-31 09:12:18.418748	\N
15383	96	2	17	16	32.00	\N	\N	2026-03-31 09:12:18.424956	2026-03-31 09:12:18.424956	\N
15384	96	2	18	26	34.67	\N	\N	2026-03-31 09:12:18.430313	2026-03-31 09:12:18.430313	\N
15385	96	2	19	39	39.00	\N	\N	2026-03-31 09:12:18.435804	2026-03-31 09:12:18.435804	\N
15386	96	3	16	17	34.00	\N	\N	2026-03-31 09:12:18.441021	2026-03-31 09:12:18.441021	\N
15387	96	3	17	18	36.00	\N	\N	2026-03-31 09:12:18.446453	2026-03-31 09:12:18.446453	\N
15388	96	3	18	29	38.67	\N	\N	2026-03-31 09:12:18.451719	2026-03-31 09:12:18.451719	\N
15389	96	3	19	38	38.00	\N	\N	2026-03-31 09:12:18.457822	2026-03-31 09:12:18.457822	\N
15390	97	1	16	16	32.00	\N	\N	2026-03-31 09:12:18.463032	2026-03-31 09:12:18.463032	\N
15391	97	1	17	17	34.00	\N	\N	2026-03-31 09:12:18.468615	2026-03-31 09:12:18.468615	\N
15392	97	1	18	19	25.33	\N	\N	2026-03-31 09:12:18.474936	2026-03-31 09:12:18.474936	\N
15393	97	1	19	36	36.00	\N	\N	2026-03-31 09:12:18.480408	2026-03-31 09:12:18.480408	\N
15394	97	2	16	16	32.00	\N	\N	2026-03-31 09:12:18.485776	2026-03-31 09:12:18.485776	\N
15395	97	2	17	13	26.00	\N	\N	2026-03-31 09:12:18.489938	2026-03-31 09:12:18.489938	\N
15396	97	2	18	18	24.00	\N	\N	2026-03-31 09:12:18.494896	2026-03-31 09:12:18.494896	\N
15397	97	2	19	35	35.00	\N	\N	2026-03-31 09:12:18.49952	2026-03-31 09:12:18.49952	\N
15398	97	3	16	15	30.00	\N	\N	2026-03-31 09:12:18.504177	2026-03-31 09:12:18.504177	\N
15399	97	3	17	12	24.00	\N	\N	2026-03-31 09:12:18.509152	2026-03-31 09:12:18.509152	\N
15400	97	3	18	21	28.00	\N	\N	2026-03-31 09:12:18.513841	2026-03-31 09:12:18.513841	\N
15401	97	3	19	32	32.00	\N	\N	2026-03-31 09:12:18.519063	2026-03-31 09:12:18.519063	\N
\.


--
-- TOC entry 5048 (class 0 OID 16801)
-- Dependencies: 236
-- Data for Name: normalization_rules; Type: TABLE DATA; Schema: public; Owner: postgres
--

COPY public.normalization_rules (id, rule_name, method, config, is_active, created_by, created_at) FROM stdin;
1	MinMax Default	minmax	{"scale": 100}	t	1	2026-02-19 11:37:13.551232
\.


--
-- TOC entry 5042 (class 0 OID 16742)
-- Dependencies: 230
-- Data for Name: schema_migrations; Type: TABLE DATA; Schema: public; Owner: postgres
--

COPY public.schema_migrations (id, name, executed_at) FROM stdin;
\.


--
-- TOC entry 5040 (class 0 OID 16665)
-- Dependencies: 228
-- Data for Name: staff; Type: TABLE DATA; Schema: public; Owner: postgres
--

COPY public.staff (id, name, email, user_id, department_id) FROM stdin;
3	Dr. Vignesh S	vignesh@avp.bitsathy.ac.in	4	1
5	Dr. Nandhini P	nandhini@avp.bitsathy.ac.in	6	1
1	Dr. Arun Kumar	arun@avp.bitsathy.ac.in	2	1
4	Dr. Kavya R	kavya@avp.bitsathy.ac.in	5	1
11	Dr.Natraj	natraj@avp.bitsathy.ac.in	212	1
12	Dr.kavitha	kavitha@avp.bitsathy.ac.in	213	\N
16	Dr.Venkat	staff16@local.test	237	1
13	Dr. Diana Devi S	dianadevi@avp.bitsathy.ac.in	234	1
14	Dr.Divya S	divya@avp.bitsathy.ac.in	235	1
17	Dr.Mirdhula A	mirdhula@avp.bitsathy.ac.in	238	1
15	Dr.Vishnu M	vishnu@avp.bitsathy.ac.in	236	1
\.


--
-- TOC entry 5046 (class 0 OID 16782)
-- Dependencies: 234
-- Data for Name: staff_subjects; Type: TABLE DATA; Schema: public; Owner: postgres
--

COPY public.staff_subjects (id, staff_id, subject_id, semester, academic_year) FROM stdin;
1	1	1	1	2026-27
3	3	3	1	2026-27
4	4	4	1	2026-27
5	5	5	1	2026-27
6	1	6	1	2026-27
8	3	8	1	2026-27
9	4	9	1	2026-27
10	5	10	1	2026-27
22	1	10	1	\N
26	1	1	\N	1
43	11	4	\N	4
45	16	25	\N	\N
46	13	9	\N	\N
48	15	4	\N	\N
49	14	4	\N	\N
50	14	5	\N	\N
51	14	6	\N	\N
\.


--
-- TOC entry 5050 (class 0 OID 16891)
-- Dependencies: 238
-- Data for Name: student_queries; Type: TABLE DATA; Schema: public; Owner: postgres
--

COPY public.student_queries (id, student_id, staff_id, query_type, subject, question, status, response, created_at, responded_at) FROM stdin;
1	1	11	academic	Pathology	hello	answered	hi	2026-03-06 13:39:48.428215	2026-03-06 13:40:03.729814
2	3	1	academic	Anatomy	hi sir how can i improve myself	answered	meet me in person	2026-03-11 09:33:49.317815	2026-03-11 09:34:16.585738
\.


--
-- TOC entry 5032 (class 0 OID 16573)
-- Dependencies: 220
-- Data for Name: students; Type: TABLE DATA; Schema: public; Owner: postgres
--

COPY public.students (id, user_id, usn, department, semester, staff_id, department_id) FROM stdin;
221	239	2025MD001	MD	2	\N	\N
222	240	2024MD001	MD	4	\N	\N
223	241	2025MD002	MD	2	\N	\N
224	242	2024MD002	MD	4	\N	\N
225	243	2025MD003	MD	2	\N	\N
226	244	2024MD003	MD	4	\N	\N
201	214	2022MBBS028	MBBS	8	13	\N
227	245	2025MD004	MD	2	\N	\N
228	246	2024MD004	MD	4	\N	\N
229	247	2025MD005	MD	2	\N	\N
230	248	2024MD005	MD	4	\N	\N
231	249	2025MD006	MD	2	\N	\N
232	250	2024MD006	MD	4	\N	\N
233	251	2025MD007	MD	2	\N	\N
234	252	2024MD007	MD	4	\N	\N
216	229	2022MBBS043	MBBS	8	13	\N
235	253	2025MD008	MD	2	\N	\N
236	254	2024MD008	MD	4	\N	\N
237	255	2025MD009	MD	2	\N	\N
238	256	2024MD009	MD	4	\N	\N
208	221	2022MBBS035	MBBS	8	13	\N
209	222	2022MBBS036	MBBS	8	13	\N
210	223	2022MBBS037	MBBS	8	13	\N
217	230	2022MBBS044	MBBS	8	13	\N
218	231	2022MBBS045	MBBS	8	13	\N
219	232	2022MBBS046	MBBS	8	13	\N
220	233	2022MBBS047	MBBS	8	13	\N
239	257	2025MD010	MD	2	\N	\N
240	258	2024MD010	MD	4	\N	\N
80	91	2023MBBS016	MBBS	5	16	1
241	259	2025MD011	MD	2	\N	\N
242	260	2024MD011	MD	4	\N	\N
70	81	2023MBBS014	MBBS	5	16	1
75	86	2023MBBS015	MBBS	5	16	1
243	261	2025MD012	MD	2	\N	\N
244	262	2024MD012	MD	4	\N	\N
245	263	2025MD013	MD	2	\N	\N
246	264	2024MD013	MD	4	\N	\N
247	265	2025MD014	MD	2	\N	\N
35	46	2023MBBS007	MBBS	5	11	1
85	96	2023MBBS017	MBBS	5	16	1
248	266	2024MD014	MD	4	\N	\N
5	16	2023MBBS001	MBBS	5	11	1
95	106	2023MBBS019	MBBS	5	16	1
1	12	2025MBBS001	MBBS	1	4	1
2	13	2025MBBS002	MBBS	2	5	1
3	14	2024MBBS001	MBBS	3	15	1
4	15	2024MBBS002	MBBS	4	17	1
6	17	2025MBBS003	MBBS	1	4	1
7	18	2025MBBS004	MBBS	2	5	1
8	19	2024MBBS003	MBBS	3	14	1
9	20	2024MBBS004	MBBS	4	15	1
10	21	2023MBBS002	MBBS	5	11	1
11	22	2025MBBS005	MBBS	1	4	1
12	23	2025MBBS006	MBBS	2	5	1
13	24	2024MBBS005	MBBS	3	17	1
14	25	2024MBBS006	MBBS	4	14	1
15	26	2023MBBS003	MBBS	5	16	1
16	27	2025MBBS007	MBBS	1	4	1
17	28	2025MBBS008	MBBS	2	5	1
18	29	2024MBBS007	MBBS	3	15	1
19	30	2024MBBS008	MBBS	4	17	1
30	41	2023MBBS006	MBBS	5	16	1
50	61	2023MBBS010	MBBS	5	11	1
100	111	2023MBBS020	MBBS	5	16	1
202	215	2022MBBS029	MBBS	8	13	\N
40	51	2023MBBS008	MBBS	5	11	1
90	101	2023MBBS018	MBBS	5	16	1
249	267	2025MD015	MD	2	\N	\N
20	31	2023MBBS004	MBBS	5	11	1
45	56	2023MBBS009	MBBS	5	11	1
60	71	2023MBBS012	MBBS	5	11	1
21	32	2025MBBS009	MBBS	1	4	1
22	33	2025MBBS010	MBBS	2	5	1
23	34	2024MBBS009	MBBS	3	14	1
24	35	2024MBBS010	MBBS	4	15	1
25	36	2023MBBS005	MBBS	5	11	1
26	37	2025MBBS011	MBBS	1	4	1
27	38	2025MBBS012	MBBS	2	5	1
28	39	2024MBBS011	MBBS	3	17	1
29	40	2024MBBS012	MBBS	4	14	1
31	42	2025MBBS013	MBBS	1	1	1
32	43	2025MBBS014	MBBS	2	3	1
33	44	2024MBBS013	MBBS	3	15	1
34	45	2024MBBS014	MBBS	4	17	1
36	47	2025MBBS015	MBBS	1	1	1
37	48	2025MBBS016	MBBS	2	3	1
38	49	2024MBBS015	MBBS	3	14	1
39	50	2024MBBS016	MBBS	4	15	1
41	52	2025MBBS017	MBBS	1	1	1
43	54	2024MBBS017	MBBS	3	17	1
44	55	2024MBBS018	MBBS	4	14	1
46	57	2025MBBS019	MBBS	1	1	1
47	58	2025MBBS020	MBBS	2	3	1
48	59	2024MBBS019	MBBS	3	15	1
49	60	2024MBBS020	MBBS	4	17	1
51	62	2025MBBS021	MBBS	1	1	1
52	63	2025MBBS022	MBBS	2	3	1
53	64	2024MBBS021	MBBS	3	14	1
54	65	2024MBBS022	MBBS	4	15	1
55	66	2023MBBS011	MBBS	5	16	1
56	67	2025MBBS023	MBBS	1	1	1
57	68	2025MBBS024	MBBS	2	3	1
58	69	2024MBBS023	MBBS	3	17	1
59	70	2024MBBS024	MBBS	4	14	1
61	72	2025MBBS025	MBBS	1	1	1
62	73	2025MBBS026	MBBS	2	3	1
204	217	2022MBBS031	MBBS	8	13	\N
205	218	2022MBBS032	MBBS	8	13	\N
207	220	2022MBBS034	MBBS	8	13	\N
203	216	2022MBBS030	MBBS	8	13	\N
206	219	2022MBBS033	MBBS	8	13	\N
250	268	2024MD015	MD	4	\N	\N
63	74	2024MBBS025	MBBS	3	15	1
64	75	2024MBBS026	MBBS	4	17	1
65	76	2023MBBS013	MBBS	5	11	1
66	77	2025MBBS027	MBBS	1	1	1
67	78	2025MBBS028	MBBS	2	3	1
68	79	2024MBBS027	MBBS	3	14	1
69	80	2024MBBS028	MBBS	4	15	1
71	82	2025MBBS029	MBBS	1	1	1
72	83	2025MBBS030	MBBS	2	3	1
73	84	2024MBBS029	MBBS	3	17	1
74	85	2024MBBS030	MBBS	4	14	1
76	87	2025MBBS031	MBBS	1	1	1
77	88	2025MBBS032	MBBS	2	3	1
78	89	2024MBBS031	MBBS	3	15	1
79	90	2024MBBS032	MBBS	4	17	1
81	92	2025MBBS033	MBBS	1	1	1
82	93	2025MBBS034	MBBS	2	4	1
83	94	2024MBBS033	MBBS	3	14	1
84	95	2024MBBS034	MBBS	4	15	1
86	97	2025MBBS035	MBBS	1	5	1
87	98	2025MBBS036	MBBS	2	4	1
88	99	2024MBBS035	MBBS	3	14	1
89	100	2024MBBS036	MBBS	4	15	1
91	102	2025MBBS037	MBBS	1	5	1
92	103	2025MBBS038	MBBS	2	4	1
93	104	2024MBBS037	MBBS	3	17	1
94	105	2024MBBS038	MBBS	4	14	1
96	107	2025MBBS039	MBBS	1	5	1
97	108	2025MBBS040	MBBS	2	4	1
98	109	2024MBBS039	MBBS	3	15	1
99	110	2024MBBS040	MBBS	4	17	1
211	224	2022MBBS038	MBBS	8	13	\N
42	53	2025MBBS018	MBBS	2	3	1
212	225	2022MBBS039	MBBS	8	13	\N
213	226	2022MBBS040	MBBS	8	13	\N
214	227	2022MBBS041	MBBS	8	13	\N
215	228	2022MBBS042	MBBS	8	13	\N
\.


--
-- TOC entry 5034 (class 0 OID 16587)
-- Dependencies: 222
-- Data for Name: subjects; Type: TABLE DATA; Schema: public; Owner: postgres
--

COPY public.subjects (id, subject_name, max_marks, department_id, subject_code, pass_marks, credits, course, year, specialization) FROM stdin;
7	General Medicine	275	1	MBBS401	138	5	MBBS	Final	\N
8	General Surgery	275	1	MBBS402	138	5	MBBS	Final	\N
9	OBG	275	1	MBBS403	138	4	MBBS	Final	\N
10	Community Medicine	275	1	MBBS301	138	5	MBBS	3rd	\N
25	Ophthalmology	275	1	MBBS302	138	4	MBBS	3rd	\N
31	Advanced Internal Medicine	200	\N	MDGM101	100	6	MD	Year 1	General Medicine
32	Cardio Respiratory Medicine	150	\N	MDGM102	75	5	MD	Year 1	General Medicine
33	Critical Care Medicine	200	\N	MDGM201	100	6	MD	Year 2	General Medicine
34	Hospital Management	100	\N	MDGM202	50	4	MD	Year 2	General Medicine
35	Thesis Evaluation	200	\N	MDGM301	100	6	MD	Year 3	General Medicine
36	Advanced Pediatrics	200	\N	MDPD101	100	6	MD	Year 1	Pediatrics
37	Neonatal Medicine	150	\N	MDPD102	75	5	MD	Year 1	Pediatrics
38	Pediatric Critical Care	200	\N	MDPD201	100	6	MD	Year 2	Pediatrics
39	Medical Ethics	100	\N	MDPD202	50	3	MD	Year 2	Pediatrics
40	Thesis Evaluation	200	\N	MDPD301	100	6	MD	Year 3	Pediatrics
41	Clinical Dermatology	200	\N	MDDM101	100	6	MD	Year 1	Dermatology
42	Dermatopathology	150	\N	MDDM102	75	5	MD	Year 1	Dermatology
43	Research Methodology	100	\N	MDDM201	50	4	MD	Year 2	Dermatology
44	Dermatosurgery	150	\N	MDDM202	75	5	MD	Year 2	Dermatology
45	Thesis Evaluation	200	\N	MDDM301	100	6	MD	Year 3	Dermatology
46	Clinical Psychiatry	200	\N	MDPS101	100	6	MD	Year 1	Psychiatry
47	Psychopharmacology	150	\N	MDPS102	75	5	MD	Year 1	Psychiatry
48	Behavioral Sciences	150	\N	MDPS201	75	5	MD	Year 2	Psychiatry
49	Medical Ethics	100	\N	MDPS202	50	3	MD	Year 2	Psychiatry
50	Thesis Evaluation	200	\N	MDPS301	100	6	MD	Year 3	Psychiatry
51	Advanced Radiology	200	\N	MDRD101	100	6	MD	Year 1	Radiology
52	Diagnostic Procedures	150	\N	MDRD102	75	5	MD	Year 1	Radiology
53	Interventional Radiology	200	\N	MDRD201	100	6	MD	Year 2	Radiology
54	Research Methodology	100	\N	MDRD202	50	4	MD	Year 2	Radiology
55	Thesis Evaluation	200	\N	MDRD301	100	6	MD	Year 3	Radiology
56	Clinical Anesthesiology	200	\N	MDAN101	100	6	MD	Year 1	Anesthesiology
57	Applied Pharmacology	150	\N	MDAN102	75	5	MD	Year 1	Anesthesiology
58	Critical Care	200	\N	MDAN201	100	6	MD	Year 2	Anesthesiology
59	Pain Medicine	150	\N	MDAN202	75	5	MD	Year 2	Anesthesiology
60	Hospital Management	100	\N	MDAN301	50	4	MD	Year 3	Anesthesiology
26	ENT	275	1	MBBS303	138	4	MBBS	3rd	\N
4	Pathology	275	1	MBBS201	138	5	MBBS	2nd	\N
5	Microbiology	275	1	MBBS202	138	4	MBBS	2nd	\N
6	Forensic Medicine	275	1	MBBS203	138	4	MBBS	2nd	\N
1	Anatomy	275	1	MBBS101	138	4	MBBS	1st	\N
2	Physiology	275	1	MBBS102	138	4	MBBS	1st	\N
3	Biochemistry	275	1	MBBS103	138	3	MBBS	1st	\N
\.


--
-- TOC entry 5030 (class 0 OID 16562)
-- Dependencies: 218
-- Data for Name: users; Type: TABLE DATA; Schema: public; Owner: postgres
--

COPY public.users (id, name, email, password, role, created_at) FROM stdin;
239	Dr. Meena Chatterjee	drmeenachatterjee@avp.ac.in	Student@123	student	2026-03-11 10:09:38.346667
240	Dr. Tanuja Mehta	drtanujamehta@avp.ac.in	Student@123	student	2026-03-11 10:09:38.52058
241	Dr. Priya Iyer	drpriyaiyer@avp.ac.in	Student@123	student	2026-03-11 10:09:38.581898
242	Dr. Rohit Nair	drrohitnair@avp.ac.in	Student@123	student	2026-03-11 10:09:38.653315
57	Divya Patel	divya.patel@avp.ac.in	$2b$10$2bERnwTqaWoM649S3NAABOJ.oL4/iz8zifYhDflVct9yD/.JwBz1.	student	2026-02-19 11:35:05.309029
13	Aarav Iyer	aarav.iyer@avp.ac.in	student123	student	2026-02-19 11:35:05.309029
15	Aarav Menon	aarav.menon@avp.ac.in	student123	student	2026-02-19 11:35:05.309029
16	Aarav Nair	aarav.nair@avp.ac.in	student123	student	2026-02-19 11:35:05.309029
17	Aarav Patel	aarav.patel@avp.ac.in	student123	student	2026-02-19 11:35:05.309029
18	Aarav Rao	aarav.rao@avp.ac.in	student123	student	2026-02-19 11:35:05.309029
19	Aarav Reddy	aarav.reddy@avp.ac.in	student123	student	2026-02-19 11:35:05.309029
20	Aarav Sharma	aarav.sharma@avp.ac.in	student123	student	2026-02-19 11:35:05.309029
21	Aarav Verma	aarav.verma@avp.ac.in	student123	student	2026-02-19 11:35:05.309029
22	Advik Gupta	advik.gupta@avp.ac.in	student123	student	2026-02-19 11:35:05.309029
23	Advik Iyer	advik.iyer@avp.ac.in	student123	student	2026-02-19 11:35:05.309029
25	Advik Menon	advik.menon@avp.ac.in	student123	student	2026-02-19 11:35:05.309029
26	Advik Nair	advik.nair@avp.ac.in	student123	student	2026-02-19 11:35:05.309029
27	Advik Patel	advik.patel@avp.ac.in	student123	student	2026-02-19 11:35:05.309029
28	Advik Rao	advik.rao@avp.ac.in	student123	student	2026-02-19 11:35:05.309029
29	Advik Reddy	advik.reddy@avp.ac.in	student123	student	2026-02-19 11:35:05.309029
30	Advik Sharma	advik.sharma@avp.ac.in	student123	student	2026-02-19 11:35:05.309029
31	Advik Verma	advik.verma@avp.ac.in	student123	student	2026-02-19 11:35:05.309029
32	Ananya Gupta	ananya.gupta@avp.ac.in	student123	student	2026-02-19 11:35:05.309029
33	Ananya Iyer	ananya.iyer@avp.ac.in	student123	student	2026-02-19 11:35:05.309029
34	Ananya Kumar	ananya.kumar@avp.ac.in	student123	student	2026-02-19 11:35:05.309029
35	Ananya Menon	ananya.menon@avp.ac.in	student123	student	2026-02-19 11:35:05.309029
36	Ananya Nair	ananya.nair@avp.ac.in	student123	student	2026-02-19 11:35:05.309029
37	Ananya Patel	ananya.patel@avp.ac.in	student123	student	2026-02-19 11:35:05.309029
38	Ananya Rao	ananya.rao@avp.ac.in	student123	student	2026-02-19 11:35:05.309029
39	Ananya Reddy	ananya.reddy@avp.ac.in	student123	student	2026-02-19 11:35:05.309029
40	Ananya Sharma	ananya.sharma@avp.ac.in	student123	student	2026-02-19 11:35:05.309029
41	Ananya Verma	ananya.verma@avp.ac.in	student123	student	2026-02-19 11:35:05.309029
42	Arjun Gupta	arjun.gupta@avp.ac.in	student123	student	2026-02-19 11:35:05.309029
43	Arjun Iyer	arjun.iyer@avp.ac.in	student123	student	2026-02-19 11:35:05.309029
44	Arjun Kumar	arjun.kumar@avp.ac.in	student123	student	2026-02-19 11:35:05.309029
45	Arjun Menon	arjun.menon@avp.ac.in	student123	student	2026-02-19 11:35:05.309029
46	Arjun Nair	arjun.nair@avp.ac.in	student123	student	2026-02-19 11:35:05.309029
47	Arjun Patel	arjun.patel@avp.ac.in	student123	student	2026-02-19 11:35:05.309029
48	Arjun Rao	arjun.rao@avp.ac.in	student123	student	2026-02-19 11:35:05.309029
49	Arjun Reddy	arjun.reddy@avp.ac.in	student123	student	2026-02-19 11:35:05.309029
50	Arjun Sharma	arjun.sharma@avp.ac.in	student123	student	2026-02-19 11:35:05.309029
51	Arjun Verma	arjun.verma@avp.ac.in	student123	student	2026-02-19 11:35:05.309029
52	Divya Gupta	divya.gupta@avp.ac.in	student123	student	2026-02-19 11:35:05.309029
53	Divya Iyer	divya.iyer@avp.ac.in	student123	student	2026-02-19 11:35:05.309029
54	Divya Kumar	divya.kumar@avp.ac.in	student123	student	2026-02-19 11:35:05.309029
55	Divya Menon	divya.menon@avp.ac.in	student123	student	2026-02-19 11:35:05.309029
56	Divya Nair	divya.nair@avp.ac.in	student123	student	2026-02-19 11:35:05.309029
58	Divya Rao	divya.rao@avp.ac.in	student123	student	2026-02-19 11:35:05.309029
59	Divya Reddy	divya.reddy@avp.ac.in	student123	student	2026-02-19 11:35:05.309029
60	Divya Sharma	divya.sharma@avp.ac.in	student123	student	2026-02-19 11:35:05.309029
61	Divya Verma	divya.verma@avp.ac.in	student123	student	2026-02-19 11:35:05.309029
62	Diya Gupta	diya.gupta@avp.ac.in	student123	student	2026-02-19 11:35:05.309029
63	Diya Iyer	diya.iyer@avp.ac.in	student123	student	2026-02-19 11:35:05.309029
64	Diya Kumar	diya.kumar@avp.ac.in	student123	student	2026-02-19 11:35:05.309029
65	Diya Menon	diya.menon@avp.ac.in	student123	student	2026-02-19 11:35:05.309029
66	Diya Nair	diya.nair@avp.ac.in	student123	student	2026-02-19 11:35:05.309029
67	Diya Patel	diya.patel@avp.ac.in	student123	student	2026-02-19 11:35:05.309029
68	Diya Rao	diya.rao@avp.ac.in	student123	student	2026-02-19 11:35:05.309029
69	Diya Reddy	diya.reddy@avp.ac.in	student123	student	2026-02-19 11:35:05.309029
70	Diya Sharma	diya.sharma@avp.ac.in	student123	student	2026-02-19 11:35:05.309029
71	Diya Verma	diya.verma@avp.ac.in	student123	student	2026-02-19 11:35:05.309029
72	Harish Gupta	harish.gupta@avp.ac.in	student123	student	2026-02-19 11:35:05.309029
73	Harish Iyer	harish.iyer@avp.ac.in	student123	student	2026-02-19 11:35:05.309029
74	Harish Kumar	harish.kumar@avp.ac.in	student123	student	2026-02-19 11:35:05.309029
75	Harish Menon	harish.menon@avp.ac.in	student123	student	2026-02-19 11:35:05.309029
76	Harish Nair	harish.nair@avp.ac.in	student123	student	2026-02-19 11:35:05.309029
77	Harish Patel	harish.patel@avp.ac.in	student123	student	2026-02-19 11:35:05.309029
78	Harish Rao	harish.rao@avp.ac.in	student123	student	2026-02-19 11:35:05.309029
79	Harish Reddy	harish.reddy@avp.ac.in	student123	student	2026-02-19 11:35:05.309029
80	Harish Sharma	harish.sharma@avp.ac.in	student123	student	2026-02-19 11:35:05.309029
81	Harish Verma	harish.verma@avp.ac.in	student123	student	2026-02-19 11:35:05.309029
82	Ishaan Gupta	ishaan.gupta@avp.ac.in	student123	student	2026-02-19 11:35:05.309029
83	Ishaan Iyer	ishaan.iyer@avp.ac.in	student123	student	2026-02-19 11:35:05.309029
5	Dr. Kavya R	kavya@avp.bitsathy.ac.in	$2b$10$gwwNJK6LyYMsoBAUGPuuauWmLzBxscf5d3i4nlHSSjWE6esJYPZeG	staff	2026-02-19 11:34:16.920521
6	Dr. Nandhini P	nandhini@avp.bitsathy.ac.in	$2b$10$Lo.lWKR93V7.r/9X.eG1teOVnJ53fq76l48zgbYOutViVsSEOST.a	staff	2026-02-19 11:34:16.920521
4	Dr. Vignesh S	vignesh@avp.bitsathy.ac.in	$2b$10$mwHrq95oCrebjwW76CVF0.o1lCHVtvrscYXhLflbUiCg.UKipcGI2	staff	2026-02-19 11:34:16.920521
12	Aarav Gupta	aarav.gupta@avp.ac.in	$2b$10$C6ppK3j/8.d3XVLSy4DTUusahMgdkIbW4NYAjC.z5XxllaFtkNi0e	student	2026-02-19 11:35:05.309029
14	Aarav Kumar	aarav.kumar@avp.ac.in	$2b$10$BtNU.g91taPiOp/YtT7TiuwNFx.vNg/R0yDPDay3L38SMiGXRgm1C	student	2026-02-19 11:35:05.309029
85	Ishaan Menon	ishaan.menon@avp.ac.in	student123	student	2026-02-19 11:35:05.309029
86	Ishaan Nair	ishaan.nair@avp.ac.in	student123	student	2026-02-19 11:35:05.309029
88	Ishaan Rao	ishaan.rao@avp.ac.in	student123	student	2026-02-19 11:35:05.309029
89	Ishaan Reddy	ishaan.reddy@avp.ac.in	student123	student	2026-02-19 11:35:05.309029
90	Ishaan Sharma	ishaan.sharma@avp.ac.in	student123	student	2026-02-19 11:35:05.309029
91	Ishaan Verma	ishaan.verma@avp.ac.in	student123	student	2026-02-19 11:35:05.309029
92	Karthik Gupta	karthik.gupta@avp.ac.in	student123	student	2026-02-19 11:35:05.309029
93	Karthik Iyer	karthik.iyer@avp.ac.in	student123	student	2026-02-19 11:35:05.309029
94	Karthik Kumar	karthik.kumar@avp.ac.in	student123	student	2026-02-19 11:35:05.309029
95	Karthik Menon	karthik.menon@avp.ac.in	student123	student	2026-02-19 11:35:05.309029
96	Karthik Nair	karthik.nair@avp.ac.in	student123	student	2026-02-19 11:35:05.309029
97	Karthik Patel	karthik.patel@avp.ac.in	student123	student	2026-02-19 11:35:05.309029
98	Karthik Rao	karthik.rao@avp.ac.in	student123	student	2026-02-19 11:35:05.309029
99	Karthik Reddy	karthik.reddy@avp.ac.in	student123	student	2026-02-19 11:35:05.309029
100	Karthik Sharma	karthik.sharma@avp.ac.in	student123	student	2026-02-19 11:35:05.309029
101	Karthik Verma	karthik.verma@avp.ac.in	student123	student	2026-02-19 11:35:05.309029
102	Keerthana Gupta	keerthana.gupta@avp.ac.in	student123	student	2026-02-19 11:35:05.309029
103	Keerthana Iyer	keerthana.iyer@avp.ac.in	student123	student	2026-02-19 11:35:05.309029
104	Keerthana Kumar	keerthana.kumar@avp.ac.in	student123	student	2026-02-19 11:35:05.309029
105	Keerthana Menon	keerthana.menon@avp.ac.in	student123	student	2026-02-19 11:35:05.309029
106	Keerthana Nair	keerthana.nair@avp.ac.in	student123	student	2026-02-19 11:35:05.309029
107	Keerthana Patel	keerthana.patel@avp.ac.in	student123	student	2026-02-19 11:35:05.309029
108	Keerthana Rao	keerthana.rao@avp.ac.in	student123	student	2026-02-19 11:35:05.309029
109	Keerthana Reddy	keerthana.reddy@avp.ac.in	student123	student	2026-02-19 11:35:05.309029
110	Keerthana Sharma	keerthana.sharma@avp.ac.in	student123	student	2026-02-19 11:35:05.309029
111	Keerthana Verma	keerthana.verma@avp.ac.in	student123	student	2026-02-19 11:35:05.309029
243	Dr. Anjali Mehta	dranjalimehta@avp.ac.in	Student@123	student	2026-03-11 10:09:38.724204
244	Dr. Kavita Nair	drkavitanair@avp.ac.in	Student@123	student	2026-03-11 10:09:38.78104
245	Dr. Deepika Singh	drdeepikasingh@avp.ac.in	Student@123	student	2026-03-11 10:09:38.832701
246	Dr. Ritu Malhotra	drritumalhotra@avp.ac.in	Student@123	student	2026-03-11 10:09:38.885965
247	Dr. Madhuri Pillai	drmadhuripillai@avp.ac.in	Student@123	student	2026-03-11 10:09:38.939468
248	Dr. Arjun Rao	drarjunrao@avp.ac.in	Student@123	student	2026-03-11 10:09:38.992994
249	Dr. Karthik Menon	drkarthikmenon@avp.ac.in	Student@123	student	2026-03-11 10:09:39.042874
250	Dr. Neha Varma	drnehavarma@avp.ac.in	Student@123	student	2026-03-11 10:09:39.099095
251	Dr. Sanjay Nair	drsanjaynair@avp.ac.in	Student@123	student	2026-03-11 10:09:39.157459
252	Dr. Aman Reddy	dramanreddy@avp.ac.in	Student@123	student	2026-03-11 10:09:39.215024
253	Dr. Bhavna Iyer	drbhavnaiyer@avp.ac.in	Student@123	student	2026-03-11 10:09:39.264889
254	Dr. Surya Patel	drsuryapatel@avp.ac.in	Student@123	student	2026-03-11 10:09:39.317594
255	Dr. Geeta Sharma	drgeetasharma@avp.ac.in	Student@123	student	2026-03-11 10:09:39.376614
256	Dr. Nisha Reddy	drnishareddy@avp.ac.in	Student@123	student	2026-03-11 10:09:39.413517
257	Dr. Tarun Joshi	drtarunjoshi@avp.ac.in	Student@123	student	2026-03-11 10:09:39.444434
258	Dr. Kiran Rao	drkiranrao@avp.ac.in	Student@123	student	2026-03-11 10:09:39.467409
259	Dr. Manish Gupta	drmanishgupta@avp.ac.in	Student@123	student	2026-03-11 10:09:39.50095
260	Dr. Pooja Menon	drpoojamenon@avp.ac.in	Student@123	student	2026-03-11 10:09:39.544335
261	Dr. Tejas Patel	drtejaspatel@avp.ac.in	Student@123	student	2026-03-11 10:09:39.585549
262	Dr. Niharika Iyer	drniharikaiyer@avp.ac.in	Student@123	student	2026-03-11 10:09:39.617969
263	Dr. Vishal Nair	drvishalnair@avp.ac.in	Student@123	student	2026-03-11 10:09:39.652236
264	Dr. Sarika Menon	drsarikamenon@avp.ac.in	Student@123	student	2026-03-11 10:09:39.677092
265	Dr. Pradeep Rao	drpradeeprao@avp.ac.in	Student@123	student	2026-03-11 10:09:39.709845
266	Dr. Vani Sharma	drvanisharma@avp.ac.in	Student@123	student	2026-03-11 10:09:39.740081
267	Dr. Ritika Gupta	drritikagupta@avp.ac.in	Student@123	student	2026-03-11 10:09:39.762059
268	Dr. Saurabh Iyer	drsaurabhiyer@avp.ac.in	Student@123	student	2026-03-11 10:09:39.782321
84	Ishaan Kumar	ishaan.kumar@avp.ac.in	$2b$10$KvZUEhoXQdjUlNlWmrViVeARCjZoeP8yyYmmxCvsKion9.ymudgwS	student	2026-02-19 11:35:05.309029
87	Ishaan Patel	ishaan.patel@avp.ac.in	$2b$10$rwZYJpNPpXTswjj.LZfNWexqNgZOquO1.NhUfc2rEvkGQvwT.fUEK	student	2026-02-19 11:35:05.309029
24	Advik Kumar	advik.kumar@avp.ac.in	$2b$10$jWH59CcjJFjJLVHyDTA3veQmnkUsqSDSObJ1DBP2qkfqkhKZYCN3y	student	2026-02-19 11:35:05.309029
1	Admin One	admin1@avp.bitsathy.ac.in	$2b$10$A3xmN6pecXImlO.wkTl7Oud53Yql9bJ1WqU0aXPLOKwXpIEuKlJHG	admin	2026-02-19 11:34:16.920521
214	Harish Rao	student.2022mbbs028@local.test	Student@123	student	2026-03-09 20:15:30.20687
215	Nivedita Sen	student.2022mbbs029@local.test	Student@123	student	2026-03-09 20:15:30.438757
216	Karan Malhotra	student.2022mbbs030@local.test	Student@123	student	2026-03-09 20:15:30.502903
217	Isha Menon	student.2022mbbs031@local.test	Student@123	student	2026-03-09 20:15:30.569898
218	Siddharth Jain	student.2022mbbs032@local.test	Student@123	student	2026-03-09 20:15:30.63571
2	Dr. Arun Kumar	arun@avp.bitsathy.ac.in	$2b$10$K4GkAX6P8PsKsiBsiN88l.0vdDX7u2mc9GXF9OlwDlx.YPPPMJequ	staff	2026-02-19 11:34:16.920521
213	Dr.kavitha	kavitha@avp.bitsathy.ac.in	Staff@123	staff	2026-02-23 09:04:33.750512
219	Lavanya Reddy	student.2022mbbs033@local.test	Student@123	student	2026-03-09 20:15:30.698941
212	Dr.Natraj	natraj@avp.bitsathy.ac.in	$2b$10$CpD7Ikbf1z0bkoI2aqAGgutXtZIjeitGdYMxDLYY5AMxsPZ9zthsa	staff	2026-02-20 14:47:05.955488
220	Arnav Kapoor	student.2022mbbs034@local.test	Student@123	student	2026-03-09 20:15:30.756501
221	Megha Nair	student.2022mbbs035@local.test	Student@123	student	2026-03-09 20:15:30.817047
222	Ritwik Das	student.2022mbbs036@local.test	Student@123	student	2026-03-09 20:15:30.878972
223	Shruti Kulkarni	student.2022mbbs037@local.test	Student@123	student	2026-03-09 20:15:30.935926
224	Devansh Mehta	student.2022mbbs038@local.test	Student@123	student	2026-03-09 20:15:31.005644
225	Anika Bose	student.2022mbbs039@local.test	Student@123	student	2026-03-09 20:15:31.061119
226	Pranav Iyer	student.2022mbbs040@local.test	Student@123	student	2026-03-09 20:15:31.114845
227	Sania Thomas	student.2022mbbs041@local.test	Student@123	student	2026-03-09 20:15:31.171818
228	Yash Patel	student.2022mbbs042@local.test	Student@123	student	2026-03-09 20:15:31.228365
229	Mitali Ghosh	student.2022mbbs043@local.test	Student@123	student	2026-03-09 20:15:31.285986
230	Rohit Bansal	student.2022mbbs044@local.test	Student@123	student	2026-03-09 20:15:31.339775
231	Tanya Pillai	student.2022mbbs045@local.test	Student@123	student	2026-03-09 20:15:31.395419
232	Aarav Chopra	student.2022mbbs046@local.test	Student@123	student	2026-03-09 20:15:31.45303
233	Neha Venkatesh	student.2022mbbs047@local.test	Student@123	student	2026-03-09 20:15:31.50942
237	Dr.Venkat	staff16@local.test	Staff@123	staff	2026-03-10 10:25:00.824262
234	Dr. Diana Devi S	dianadevi@avp.bitsathy.ac.in	$2b$10$4//j4GlNsXvp4N8K0KhX9epkm3iTc1Xsl5xM8B7X4a6C2f0SNeUQm	staff	2026-03-10 09:46:16.041402
238	Dr.Mirdhula A	mirdhula@avp.bitsathy.ac.in	Staff@123	staff	2026-03-10 10:25:29.411998
236	Dr.Vishnu M	vishnu@avp.bitsathy.ac.in	Staff@123	staff	2026-03-10 10:24:24.986927
235	Dr.Divya S	divya@avp.bitsathy.ac.in	$2b$10$.hvQ.H8ro92H2zMeNN.eEeJTetq2x0VrRFWV6twEWQVXFqEkOK/qm	staff	2026-03-10 10:05:20.329469
\.


--
-- TOC entry 5067 (class 0 OID 0)
-- Dependencies: 231
-- Name: departments_id_seq; Type: SEQUENCE SET; Schema: public; Owner: postgres
--

SELECT pg_catalog.setval('public.departments_id_seq', 4, true);


--
-- TOC entry 5068 (class 0 OID 0)
-- Dependencies: 223
-- Name: exams_id_seq; Type: SEQUENCE SET; Schema: public; Owner: postgres
--

SELECT pg_catalog.setval('public.exams_id_seq', 19, true);


--
-- TOC entry 5069 (class 0 OID 0)
-- Dependencies: 225
-- Name: marks_id_seq; Type: SEQUENCE SET; Schema: public; Owner: postgres
--

SELECT pg_catalog.setval('public.marks_id_seq', 15401, true);


--
-- TOC entry 5070 (class 0 OID 0)
-- Dependencies: 235
-- Name: normalization_rules_id_seq; Type: SEQUENCE SET; Schema: public; Owner: postgres
--

SELECT pg_catalog.setval('public.normalization_rules_id_seq', 1, true);


--
-- TOC entry 5071 (class 0 OID 0)
-- Dependencies: 229
-- Name: schema_migrations_id_seq; Type: SEQUENCE SET; Schema: public; Owner: postgres
--

SELECT pg_catalog.setval('public.schema_migrations_id_seq', 1, false);


--
-- TOC entry 5072 (class 0 OID 0)
-- Dependencies: 227
-- Name: staff_id_seq; Type: SEQUENCE SET; Schema: public; Owner: postgres
--

SELECT pg_catalog.setval('public.staff_id_seq', 12, true);


--
-- TOC entry 5073 (class 0 OID 0)
-- Dependencies: 233
-- Name: staff_subjects_id_seq; Type: SEQUENCE SET; Schema: public; Owner: postgres
--

SELECT pg_catalog.setval('public.staff_subjects_id_seq', 52, true);


--
-- TOC entry 5074 (class 0 OID 0)
-- Dependencies: 237
-- Name: student_queries_id_seq; Type: SEQUENCE SET; Schema: public; Owner: postgres
--

SELECT pg_catalog.setval('public.student_queries_id_seq', 2, true);


--
-- TOC entry 5075 (class 0 OID 0)
-- Dependencies: 219
-- Name: students_id_seq; Type: SEQUENCE SET; Schema: public; Owner: postgres
--

SELECT pg_catalog.setval('public.students_id_seq', 250, true);


--
-- TOC entry 5076 (class 0 OID 0)
-- Dependencies: 221
-- Name: subjects_id_seq; Type: SEQUENCE SET; Schema: public; Owner: postgres
--

SELECT pg_catalog.setval('public.subjects_id_seq', 60, true);


--
-- TOC entry 5077 (class 0 OID 0)
-- Dependencies: 217
-- Name: users_id_seq; Type: SEQUENCE SET; Schema: public; Owner: postgres
--

SELECT pg_catalog.setval('public.users_id_seq', 268, true);


--
-- TOC entry 4854 (class 2606 OID 16759)
-- Name: departments departments_code_key; Type: CONSTRAINT; Schema: public; Owner: postgres
--

ALTER TABLE ONLY public.departments
    ADD CONSTRAINT departments_code_key UNIQUE (code);


--
-- TOC entry 4856 (class 2606 OID 16757)
-- Name: departments departments_pkey; Type: CONSTRAINT; Schema: public; Owner: postgres
--

ALTER TABLE ONLY public.departments
    ADD CONSTRAINT departments_pkey PRIMARY KEY (id);


--
-- TOC entry 4832 (class 2606 OID 16639)
-- Name: exams exams_pkey; Type: CONSTRAINT; Schema: public; Owner: postgres
--

ALTER TABLE ONLY public.exams
    ADD CONSTRAINT exams_pkey PRIMARY KEY (id);


--
-- TOC entry 4838 (class 2606 OID 16646)
-- Name: marks marks_pkey; Type: CONSTRAINT; Schema: public; Owner: postgres
--

ALTER TABLE ONLY public.marks
    ADD CONSTRAINT marks_pkey PRIMARY KEY (id);


--
-- TOC entry 4840 (class 2606 OID 16648)
-- Name: marks marks_student_id_subject_id_exam_id_key; Type: CONSTRAINT; Schema: public; Owner: postgres
--

ALTER TABLE ONLY public.marks
    ADD CONSTRAINT marks_student_id_subject_id_exam_id_key UNIQUE (student_id, subject_id, exam_id);


--
-- TOC entry 4863 (class 2606 OID 16811)
-- Name: normalization_rules normalization_rules_pkey; Type: CONSTRAINT; Schema: public; Owner: postgres
--

ALTER TABLE ONLY public.normalization_rules
    ADD CONSTRAINT normalization_rules_pkey PRIMARY KEY (id);


--
-- TOC entry 4850 (class 2606 OID 16750)
-- Name: schema_migrations schema_migrations_name_key; Type: CONSTRAINT; Schema: public; Owner: postgres
--

ALTER TABLE ONLY public.schema_migrations
    ADD CONSTRAINT schema_migrations_name_key UNIQUE (name);


--
-- TOC entry 4852 (class 2606 OID 16748)
-- Name: schema_migrations schema_migrations_pkey; Type: CONSTRAINT; Schema: public; Owner: postgres
--

ALTER TABLE ONLY public.schema_migrations
    ADD CONSTRAINT schema_migrations_pkey PRIMARY KEY (id);


--
-- TOC entry 4844 (class 2606 OID 16672)
-- Name: staff staff_email_key; Type: CONSTRAINT; Schema: public; Owner: postgres
--

ALTER TABLE ONLY public.staff
    ADD CONSTRAINT staff_email_key UNIQUE (email);


--
-- TOC entry 4846 (class 2606 OID 16670)
-- Name: staff staff_pkey; Type: CONSTRAINT; Schema: public; Owner: postgres
--

ALTER TABLE ONLY public.staff
    ADD CONSTRAINT staff_pkey PRIMARY KEY (id);


--
-- TOC entry 4858 (class 2606 OID 16787)
-- Name: staff_subjects staff_subjects_pkey; Type: CONSTRAINT; Schema: public; Owner: postgres
--

ALTER TABLE ONLY public.staff_subjects
    ADD CONSTRAINT staff_subjects_pkey PRIMARY KEY (id);


--
-- TOC entry 4860 (class 2606 OID 16789)
-- Name: staff_subjects staff_subjects_staff_id_subject_id_semester_academic_year_key; Type: CONSTRAINT; Schema: public; Owner: postgres
--

ALTER TABLE ONLY public.staff_subjects
    ADD CONSTRAINT staff_subjects_staff_id_subject_id_semester_academic_year_key UNIQUE (staff_id, subject_id, semester, academic_year);


--
-- TOC entry 4848 (class 2606 OID 16674)
-- Name: staff staff_user_id_key; Type: CONSTRAINT; Schema: public; Owner: postgres
--

ALTER TABLE ONLY public.staff
    ADD CONSTRAINT staff_user_id_key UNIQUE (user_id);


--
-- TOC entry 4866 (class 2606 OID 16900)
-- Name: student_queries student_queries_pkey; Type: CONSTRAINT; Schema: public; Owner: postgres
--

ALTER TABLE ONLY public.student_queries
    ADD CONSTRAINT student_queries_pkey PRIMARY KEY (id);


--
-- TOC entry 4823 (class 2606 OID 16578)
-- Name: students students_pkey; Type: CONSTRAINT; Schema: public; Owner: postgres
--

ALTER TABLE ONLY public.students
    ADD CONSTRAINT students_pkey PRIMARY KEY (id);


--
-- TOC entry 4825 (class 2606 OID 16580)
-- Name: students students_usn_key; Type: CONSTRAINT; Schema: public; Owner: postgres
--

ALTER TABLE ONLY public.students
    ADD CONSTRAINT students_usn_key UNIQUE (usn);


--
-- TOC entry 4828 (class 2606 OID 16592)
-- Name: subjects subjects_pkey; Type: CONSTRAINT; Schema: public; Owner: postgres
--

ALTER TABLE ONLY public.subjects
    ADD CONSTRAINT subjects_pkey PRIMARY KEY (id);


--
-- TOC entry 4830 (class 2606 OID 16912)
-- Name: subjects subjects_subject_code_key; Type: CONSTRAINT; Schema: public; Owner: postgres
--

ALTER TABLE ONLY public.subjects
    ADD CONSTRAINT subjects_subject_code_key UNIQUE (subject_code);


--
-- TOC entry 4816 (class 2606 OID 16571)
-- Name: users users_email_key; Type: CONSTRAINT; Schema: public; Owner: postgres
--

ALTER TABLE ONLY public.users
    ADD CONSTRAINT users_email_key UNIQUE (email);


--
-- TOC entry 4818 (class 2606 OID 16569)
-- Name: users users_pkey; Type: CONSTRAINT; Schema: public; Owner: postgres
--

ALTER TABLE ONLY public.users
    ADD CONSTRAINT users_pkey PRIMARY KEY (id);


--
-- TOC entry 4833 (class 1259 OID 16840)
-- Name: idx_exams_department_id; Type: INDEX; Schema: public; Owner: postgres
--

CREATE INDEX idx_exams_department_id ON public.exams USING btree (department_id);


--
-- TOC entry 4834 (class 1259 OID 16843)
-- Name: idx_marks_exam_id; Type: INDEX; Schema: public; Owner: postgres
--

CREATE INDEX idx_marks_exam_id ON public.marks USING btree (exam_id);


--
-- TOC entry 4835 (class 1259 OID 16841)
-- Name: idx_marks_student_id; Type: INDEX; Schema: public; Owner: postgres
--

CREATE INDEX idx_marks_student_id ON public.marks USING btree (student_id);


--
-- TOC entry 4836 (class 1259 OID 16842)
-- Name: idx_marks_subject_id; Type: INDEX; Schema: public; Owner: postgres
--

CREATE INDEX idx_marks_subject_id ON public.marks USING btree (subject_id);


--
-- TOC entry 4841 (class 1259 OID 16838)
-- Name: idx_staff_department_id; Type: INDEX; Schema: public; Owner: postgres
--

CREATE INDEX idx_staff_department_id ON public.staff USING btree (department_id);


--
-- TOC entry 4842 (class 1259 OID 16837)
-- Name: idx_staff_user_id; Type: INDEX; Schema: public; Owner: postgres
--

CREATE INDEX idx_staff_user_id ON public.staff USING btree (user_id);


--
-- TOC entry 4819 (class 1259 OID 16836)
-- Name: idx_students_department_id; Type: INDEX; Schema: public; Owner: postgres
--

CREATE INDEX idx_students_department_id ON public.students USING btree (department_id);


--
-- TOC entry 4820 (class 1259 OID 16835)
-- Name: idx_students_staff_id; Type: INDEX; Schema: public; Owner: postgres
--

CREATE INDEX idx_students_staff_id ON public.students USING btree (staff_id);


--
-- TOC entry 4821 (class 1259 OID 16834)
-- Name: idx_students_user_id; Type: INDEX; Schema: public; Owner: postgres
--

CREATE INDEX idx_students_user_id ON public.students USING btree (user_id);


--
-- TOC entry 4826 (class 1259 OID 16839)
-- Name: idx_subjects_department_id; Type: INDEX; Schema: public; Owner: postgres
--

CREATE INDEX idx_subjects_department_id ON public.subjects USING btree (department_id);


--
-- TOC entry 4861 (class 1259 OID 16889)
-- Name: staff_subjects_unique_assignment_idx; Type: INDEX; Schema: public; Owner: postgres
--

CREATE UNIQUE INDEX staff_subjects_unique_assignment_idx ON public.staff_subjects USING btree (staff_id, subject_id, COALESCE(semester, '-1'::integer), COALESCE(academic_year, ''::character varying));


--
-- TOC entry 4864 (class 1259 OID 16817)
-- Name: uq_one_active_rule; Type: INDEX; Schema: public; Owner: postgres
--

CREATE UNIQUE INDEX uq_one_active_rule ON public.normalization_rules USING btree (is_active) WHERE (is_active = true);


--
-- TOC entry 4871 (class 2606 OID 16775)
-- Name: exams exams_department_id_fkey; Type: FK CONSTRAINT; Schema: public; Owner: postgres
--

ALTER TABLE ONLY public.exams
    ADD CONSTRAINT exams_department_id_fkey FOREIGN KEY (department_id) REFERENCES public.departments(id);


--
-- TOC entry 4872 (class 2606 OID 16818)
-- Name: marks marks_entered_by_staff_id_fkey; Type: FK CONSTRAINT; Schema: public; Owner: postgres
--

ALTER TABLE ONLY public.marks
    ADD CONSTRAINT marks_entered_by_staff_id_fkey FOREIGN KEY (entered_by_staff_id) REFERENCES public.staff(id) ON DELETE SET NULL;


--
-- TOC entry 4873 (class 2606 OID 16659)
-- Name: marks marks_exam_id_fkey; Type: FK CONSTRAINT; Schema: public; Owner: postgres
--

ALTER TABLE ONLY public.marks
    ADD CONSTRAINT marks_exam_id_fkey FOREIGN KEY (exam_id) REFERENCES public.exams(id) ON DELETE CASCADE;


--
-- TOC entry 4874 (class 2606 OID 16649)
-- Name: marks marks_student_id_fkey; Type: FK CONSTRAINT; Schema: public; Owner: postgres
--

ALTER TABLE ONLY public.marks
    ADD CONSTRAINT marks_student_id_fkey FOREIGN KEY (student_id) REFERENCES public.students(id) ON DELETE CASCADE;


--
-- TOC entry 4875 (class 2606 OID 16654)
-- Name: marks marks_subject_id_fkey; Type: FK CONSTRAINT; Schema: public; Owner: postgres
--

ALTER TABLE ONLY public.marks
    ADD CONSTRAINT marks_subject_id_fkey FOREIGN KEY (subject_id) REFERENCES public.subjects(id) ON DELETE CASCADE;


--
-- TOC entry 4876 (class 2606 OID 16823)
-- Name: marks marks_updated_by_staff_id_fkey; Type: FK CONSTRAINT; Schema: public; Owner: postgres
--

ALTER TABLE ONLY public.marks
    ADD CONSTRAINT marks_updated_by_staff_id_fkey FOREIGN KEY (updated_by_staff_id) REFERENCES public.staff(id) ON DELETE SET NULL;


--
-- TOC entry 4881 (class 2606 OID 16812)
-- Name: normalization_rules normalization_rules_created_by_fkey; Type: FK CONSTRAINT; Schema: public; Owner: postgres
--

ALTER TABLE ONLY public.normalization_rules
    ADD CONSTRAINT normalization_rules_created_by_fkey FOREIGN KEY (created_by) REFERENCES public.users(id) ON DELETE SET NULL;


--
-- TOC entry 4877 (class 2606 OID 16765)
-- Name: staff staff_department_id_fkey; Type: FK CONSTRAINT; Schema: public; Owner: postgres
--

ALTER TABLE ONLY public.staff
    ADD CONSTRAINT staff_department_id_fkey FOREIGN KEY (department_id) REFERENCES public.departments(id);


--
-- TOC entry 4879 (class 2606 OID 16790)
-- Name: staff_subjects staff_subjects_staff_id_fkey; Type: FK CONSTRAINT; Schema: public; Owner: postgres
--

ALTER TABLE ONLY public.staff_subjects
    ADD CONSTRAINT staff_subjects_staff_id_fkey FOREIGN KEY (staff_id) REFERENCES public.staff(id) ON DELETE CASCADE;


--
-- TOC entry 4880 (class 2606 OID 16795)
-- Name: staff_subjects staff_subjects_subject_id_fkey; Type: FK CONSTRAINT; Schema: public; Owner: postgres
--

ALTER TABLE ONLY public.staff_subjects
    ADD CONSTRAINT staff_subjects_subject_id_fkey FOREIGN KEY (subject_id) REFERENCES public.subjects(id) ON DELETE CASCADE;


--
-- TOC entry 4878 (class 2606 OID 16675)
-- Name: staff staff_user_id_fkey; Type: FK CONSTRAINT; Schema: public; Owner: postgres
--

ALTER TABLE ONLY public.staff
    ADD CONSTRAINT staff_user_id_fkey FOREIGN KEY (user_id) REFERENCES public.users(id) ON DELETE CASCADE;


--
-- TOC entry 4882 (class 2606 OID 16906)
-- Name: student_queries student_queries_staff_id_fkey; Type: FK CONSTRAINT; Schema: public; Owner: postgres
--

ALTER TABLE ONLY public.student_queries
    ADD CONSTRAINT student_queries_staff_id_fkey FOREIGN KEY (staff_id) REFERENCES public.staff(id) ON DELETE CASCADE;


--
-- TOC entry 4883 (class 2606 OID 16901)
-- Name: student_queries student_queries_student_id_fkey; Type: FK CONSTRAINT; Schema: public; Owner: postgres
--

ALTER TABLE ONLY public.student_queries
    ADD CONSTRAINT student_queries_student_id_fkey FOREIGN KEY (student_id) REFERENCES public.students(id) ON DELETE CASCADE;


--
-- TOC entry 4867 (class 2606 OID 16760)
-- Name: students students_department_id_fkey; Type: FK CONSTRAINT; Schema: public; Owner: postgres
--

ALTER TABLE ONLY public.students
    ADD CONSTRAINT students_department_id_fkey FOREIGN KEY (department_id) REFERENCES public.departments(id);


--
-- TOC entry 4868 (class 2606 OID 16690)
-- Name: students students_staff_id_fkey; Type: FK CONSTRAINT; Schema: public; Owner: postgres
--

ALTER TABLE ONLY public.students
    ADD CONSTRAINT students_staff_id_fkey FOREIGN KEY (staff_id) REFERENCES public.staff(id) ON DELETE SET NULL;


--
-- TOC entry 4869 (class 2606 OID 16581)
-- Name: students students_user_id_fkey; Type: FK CONSTRAINT; Schema: public; Owner: postgres
--

ALTER TABLE ONLY public.students
    ADD CONSTRAINT students_user_id_fkey FOREIGN KEY (user_id) REFERENCES public.users(id) ON DELETE CASCADE;


--
-- TOC entry 4870 (class 2606 OID 16770)
-- Name: subjects subjects_department_id_fkey; Type: FK CONSTRAINT; Schema: public; Owner: postgres
--

ALTER TABLE ONLY public.subjects
    ADD CONSTRAINT subjects_department_id_fkey FOREIGN KEY (department_id) REFERENCES public.departments(id);


-- Completed on 2026-04-01 21:54:39

--
-- PostgreSQL database dump complete
--

